Product Name,Price,Original Price,Discount (%),Reviews,Rating Count,Stars,Exchange Offer Price
"CMF by Nothing Phone 1 (Orange, 128 GB)",14999,19999,25,0,257431932,4.4,0
"Nothing Phone (2a) Plus (Black, 256 GB)",27999,31999,12,0,82847,4.4,0
"Motorola g45 5G (Brilliant Blue, 128 GB)",11999,14999,20,0,20281734,4.4,0
"Apple iPhone 15 (Black, 128 GB)",57999,69900,17,0,1215343945,4.6,0
"Google Pixel 7a (Snow, 128 GB)",31999,43999,27,0,212902167,4.1,0
Vox V18,672,1299,48,0,1273,3.2,0
"Motorola G85 5G (Olive Green, 128 GB)",16999,20999,19,0,495382472,4.5,0
"Apple iPhone 15 (Blue, 128 GB)",58249,69900,16,0,1215343945,4.6,0
"Motorola g64 5G (Mint Green, 256 GB)",14999,19999,25,0,268341621,4.2,0
"SAMSUNG Galaxy A14 5G (Light Green, 128 GB)",10999,20999,47,0,16569723,4.2,0
"Motorola Edge 50 Fusion (Marshmallow Blue, 256 GB)",22999,27999,17,0,516583540,4.5,0
"Apple iPhone 15 (Pink, 128 GB)",57999,69900,17,0,1215343945,4.6,0
"Motorola Edge 50 Fusion (Hot Pink, 128 GB)",20999,25999,19,0,530393489,4.5,0
"realme 12x 5G (Woodland Green, 128 GB)",12499,17999,30,0,609973059,4.4,0
"realme 12x 5G (Twilight Purple, 128 GB)",12499,17999,30,0,609973059,4.4,0
"realme 12x 5G (Twilight Purple, 128 GB)",13499,18999,28,0,11684423,4.4,0
"Motorola G85 5G (Viva Magenta, 128 GB)",16999,20999,19,0,495382472,4.5,0
"REDMI 13C (Stardust Black, 128 GB)",7699,11999,35,0,504972160,4.3,0
"POCO M6 5G (Orion Blue, 64 GB)",7999,11999,33,0,584493003,4.1,0
"Motorola g45 5G (Brilliant Green, 128 GB)",11999,14999,20,0,20281734,4.4,0
"realme 12x 5G (Woodland Green, 128 GB)",13499,18999,28,0,11684423,4.4,0
"Motorola Edge 50 Fusion (Forest Green, 128 GB)",20999,25999,19,0,530393489,4.5,0
"REDMI 13C (Starfrost White, 128 GB)",7699,11999,35,0,504972160,4.3,0
"Motorola Edge 50 Pro 5G with 125W Charger (Luxe Lavender, 256 GB)",29999,41999,28,0,182871164,4.4,0
"vivo T3x 5G (Celestial Green, 128 GB)",12999,17499,25,0,22746876,4.5,0
"vivo T3x 5G (Crimson Bliss, 128 GB)",12999,17499,25,0,22746876,4.5,0
"Motorola g45 5G (Viva Magenta, 128 GB)",11999,14999,20,0,20281734,4.4,0
"vivo T3x 5G (Celestial Green, 128 GB)",14499,18999,23,0,664612538,4.5,0
"SAMSUNG Galaxy A14 5G (Light Green, 128 GB)",9999,15499,35,0,9563372,4.2,0
"vivo T3x 5G (Celestial Green, 128 GB)",15999,20499,21,0,15014803,4.4,0
"vivo T3 Lite 5G (Vibrant Green, 128 GB)",11499,15499,25,0,304511044,4.4,0
"vivo T3 Lite 5G (Majestic Black, 128 GB)",11499,15499,25,0,304511044,4.4,0
"Apple iPhone 15 (Green, 128 GB)",57999,69900,17,0,1215343945,4.6,0
"Motorola g64 5G (Pearl Blue, 256 GB)",14999,19999,25,0,268341621,4.2,0
"vivo T3 Lite 5G (Majestic Black, 128 GB)",10499,14499,27,0,21809742,4.4,0
"vivo T3 Lite 5G (Vibrant Green, 128 GB)",10499,14499,27,0,21809742,4.4,0
"vivo T3x 5G (Sapphire Blue, 128 GB)",14499,18999,23,0,664612538,4.5,0
"vivo T3x 5G (Crimson Bliss, 128 GB)",15999,20499,21,0,15014803,4.4,0
"REDMI 12 (Jade Black, 128 GB)",7999,15999,50,0,569013622,4.2,0
"Apple iPhone 15 Plus (Blue, 128 GB)",66999,79900,16,0,188871020,4.6,0
"Motorola Edge 50 Fusion (Forest Green, 256 GB)",22999,27999,17,0,516583540,4.5,0
"realme P1 5G (Peacock Green, 128 GB)",13999,20999,33,0,371062283,4.4,0
"Motorola Edge 50 Fusion (Hot Pink, 256 GB)",22999,27999,17,0,516583540,4.5,0
"vivo T3x 5G (Sapphire Blue, 128 GB)",15999,20499,21,0,15014803,4.4,0
"realme P1 5G (Peacock Green, 128 GB)",14999,21999,31,0,203101193,4.4,0
"realme P1 5G (Phoenix Red, 128 GB)",14999,21999,31,0,203101193,4.4,0
"Motorola G85 5G (Urban Grey, 128 GB)",16999,20999,19,0,495382472,4.5,0
"SAMSUNG Galaxy A14 5G (Black, 128 GB)",9999,15499,35,0,9563372,4.2,0
"Motorola G85 5G (Cobalt Blue, 128 GB)",16999,20999,19,0,495382472,4.5,0
"realme 12x 5G (Twilight Purple, 128 GB)",11999,16999,29,0,11583738,4.1,0
"REDMI 13C (Starshine Green, 128 GB)",7699,11999,35,0,504972160,4.3,0
"vivo T3x 5G (Sapphire Blue, 128 GB)",12999,17499,25,0,22746876,4.5,0
"POCO C65 (Matte Black, 128 GB)",6799,10999,38,0,663193382,4.3,0
"SAMSUNG Galaxy S23 5G (Cream, 128 GB)",39999,89999,55,0,304911932,4.6,0
"Apple iPhone 15 Plus (Black, 128 GB)",66999,79900,16,0,188871020,4.6,0
"realme P1 5G (Phoenix Red, 128 GB)",13999,20999,33,0,371062283,4.4,0
"realme P1 5G (Phoenix Red, 256 GB)",18999,22999,17,0,203101193,4.4,0
"realme P1 5G (Peacock Green, 256 GB)",18999,22999,17,0,203101193,4.4,0
"realme P1 5G (Feather Blue, 128 GB)",13999,20999,33,0,371062283,4.4,0
"realme P1 5G (Feather Blue, 256 GB)",18999,22999,17,0,203101193,4.4,0
"realme P1 5G (Feather Blue, 128 GB)",14999,21999,31,0,203101193,4.4,0
"Motorola g64 5G (Ice Lilac, 256 GB)",14999,19999,25,0,268341621,4.2,0
"Apple iPhone 15 (Black, 256 GB)",67999,79900,14,0,1215343945,4.6,0
"Infinix Smart 8 Plus (Timber Black, 128 GB)",7799,9999,22,0,7467442,4.3,0
"Infinix Smart 8 Plus (Galaxy White, 128 GB)",7799,9999,22,0,7467442,4.3,0
"OPPO K12x 5G with 45W SUPERVOOC Charger In-The-Box (Midnight Voilet, 128 GB)",12999,16999,23,0,436681497,4.5,0
"OPPO K12x 5G with 45W SUPERVOOC Charger In-The-Box (Breeze Blue, 256 GB)",15999,18999,15,0,7822282,4.5,0
"OPPO K12x 5G with 45W SUPERVOOC Charger In-The-Box (Breeze Blue, 128 GB)",12999,16999,23,0,436681497,4.5,0
"OPPO K12x 5G with 45W SUPERVOOC Charger In-The-Box (Midnight Voilet, 256 GB)",15999,18999,15,0,7822282,4.5,0
"Motorola g64 5G (Red Berry, 256 GB)",14999,19999,25,0,268341621,4.2,0
"MOTOROLA Edge 50 Neo (PANTONE Grisaille, 256 GB)",23999,29999,20,0,2757223,4.5,0
"Motorola Edge 50 Pro 5G with 125W Charger (Vanilla Cream, 256 GB)",29999,41999,28,0,182871164,4.4,0
"realme C61 (Safari Green, 128 GB)",8999,10999,18,0,266069,4.4,0
"POCO M6 5G (Galactic Black, 64 GB)",7999,11999,33,0,584493003,4.1,0
"Google Pixel 8 (Mint, 128 GB)",38999,75999,48,0,7301535,4.4,0
"Google Pixel 8 (Hazel, 128 GB)",38999,75999,48,0,7301535,4.4,0
"Motorola Edge 50 Fusion (Forest Blue, 128 GB)",20999,25999,19,0,530393489,4.5,0
"Motorola G85 5G (Cobalt Blue, 256 GB)",18999,22999,17,0,18126913,4.4,0
"POCO M6 5G (Polaris Green, 64 GB)",7999,11999,33,0,584493003,4.1,0
"REDMI 13c 5G (Starlight Black, 128 GB)",11435,15999,28,0,13490569,4.2,0
"REDMI 13c 5G (Startrail Green, 128 GB)",9382,13999,32,0,23135880,4.3,0
"REDMI 13c 5G (Starlight Black, 128 GB)",9391,13999,32,0,23135880,4.3,0
"SAMSUNG Galaxy S23 FE (Mint, 128 GB)",29999,79999,62,0,264001435,4.4,0
"Motorola Edge 50 Pro 5G with 125W Charger (Black Beauty, 256 GB)",29999,41999,28,0,182871164,4.4,0
"Apple iPhone 15 Plus (Green, 128 GB)",66999,79900,16,0,188871020,4.6,0
"SAMSUNG Galaxy S23 FE (Mint, 256 GB)",32999,84999,61,0,264001435,4.4,0
"POCO C65 (Pastel Blue, 128 GB)",6799,10999,38,0,663193382,4.3,0
"Apple iPhone 15 Plus (Pink, 128 GB)",66999,79900,16,0,188871020,4.6,0
"OnePlus Nord CE 3 Lite 5G (Pastel Lime, 256 GB)",18548,21999,15,0,1204196304,4.4,0
"Apple iPhone 15 (Pink, 256 GB)",67999,79900,14,0,1215343945,4.6,0
"OnePlus Nord CE 3 Lite 5G (Chromatic Gray, 128 GB)",15940,19999,20,0,1204196304,4.4,0
"REDMI 12 (Moonstone Silver, 128 GB)",7999,15999,50,0,569013622,4.2,0
"Motorola Edge 50 Fusion (Marshmallow Blue, 128 GB)",20999,25999,19,0,530393489,4.5,0
"vivo T3 5G (Crystal Flake, 128 GB)",18499,22999,19,0,542673848,4.4,0
"vivo T3 5G (Cosmic Blue, 256 GB)",20499,24999,18,0,542673848,4.4,0
"SAMSUNG Galaxy S23 5G (Green, 128 GB)",39999,89999,55,0,304911932,4.6,0
Vox V16,808,1649,51,0,34416,3.5,0
"REDMI 13C 5G (Startrail Green, 256 GB)",13499,17999,25,0,5805300,4.2,0
"Infinix Note 40X 5G (Lime Green, 256 GB)",13999,21999,36,0,229780,4.2,0
"REDMI 13C 5G (Startrail Green, 128 GB)",11499,15999,28,0,13490569,4.2,0
"REDMI 13C 5G (Starlight Black, 256 GB)",13499,17999,25,0,5805300,4.2,0
"REDMI 13C 5G (Startrail Silver, 128 GB)",11499,15999,28,0,13490569,4.2,0
"REDMI 13c 5G (Startrail Green, 256 GB)",13330,17999,25,0,5805300,4.2,0
"Motorola Edge 50 Fusion (Forest Blue, 256 GB)",22999,27999,17,0,516583540,4.5,0
"realme C63 5G Charger in the Box (Forest Green, 128 GB)",11999,13999,14,0,4285108,4.5,0
"Apple iPhone 15 (Blue, 256 GB)",68249,79900,14,0,1215343945,4.6,0
"realme C63 5G Charger in the Box (Starry Gold, 128 GB)",11999,13999,14,0,4285108,4.5,0
"SAMSUNG Galaxy A14 5G (Black, 64 GB)",8999,18499,51,0,9563372,4.2,0
"Infinix Note 40 Pro 5G (Racing Grey, 256 GB)",17999,27999,35,0,143951033,4.1,0
"REDMI 13C 5G (Startrail Silver, 128 GB)",9199,13999,34,0,23135880,4.3,0
"vivo T3 Pro 5G (Emerald Green, 256 GB)",26999,31999,15,0,10817665,4.5,0
"realme C61 (Marble Black, 64 GB)",7699,8999,14,0,186654,4.3,0
"vivo T3 Pro 5G (Emerald Green, 128 GB)",24999,29999,16,0,10817665,4.5,0
"realme C61 (Safari Green, 64 GB)",7699,8999,14,0,186654,4.3,0
"vivo T3 Pro 5G (Sandstone Orange, 256 GB)",26999,31999,15,0,10817665,4.5,0
"REDMI 13C (Starfrost White, 128 GB)",8499,13999,39,0,16622681,4.2,0
"Infinix Hot 50 5G (Sage Green, 128 GB)",10999,14999,26,0,104855,4.4,0
"Infinix Hot 50 5G (Sleek Black, 128 GB)",10999,14999,26,0,104855,4.4,0
"SAMSUNG Galaxy S23 5G (Green, 256 GB)",44999,95999,53,0,304911932,4.6,0
"Infinix Note 40 Pro 5G (Obsidian Black, 256 GB)",17999,27999,35,0,143951033,4.1,0
"Infinix Smart 8 Plus (Shiny Gold, 128 GB)",7799,9999,22,0,7467442,4.3,0
"OnePlus Nord CE 3 Lite 5G (Pastel Lime, 128 GB)",15936,19999,20,0,1204196304,4.4,0
"Motorola Edge 50 Pro 5G with 125W Charger (Caneel Bay, 256 GB)",29999,41999,28,0,182871164,4.4,0
"vivo T3 5G (Cosmic Blue, 128 GB)",18499,22999,19,0,542673848,4.4,0
"Motorola g64 5G (Pearl Blue, 256 GB)",14999,19999,25,0,268341621,4.2,0
"realme C63 (Jade Green, 64 GB)",8499,9999,15,0,3384165,4.3,0
"realme C63 (Leather Blue, 64 GB)",8499,9999,15,0,3384165,4.3,0
"MOTOROLA Edge 50 Neo (PANTONE Nautical Blue, 256 GB)",23999,29999,20,0,2757223,4.5,0
"vivo T3 Pro 5G (Sandstone Orange, 128 GB)",24999,29999,16,0,10817665,4.5,0
"Infinix SMART 8 (Shiny Gold, 128 GB)",7999,10999,27,0,9570559,4.3,0
"Infinix SMART 8 (Timber Black, 128 GB)",7999,10999,27,0,9570559,4.3,0
"Infinix SMART 8 (Galaxy White, 128 GB)",7999,10999,27,0,9570559,4.3,0
"Infinix SMART 8 (Rainbow Blue, 128 GB)",7999,10999,27,0,9570559,4.3,0
"POCO C61  - Locked with Airtel Prepaid (Ethereal Blue, 64 GB)",5499,8999,38,0,29034945,4.2,0
"realme 12 Pro 5G (Navigator Beige, 128 GB)",22999,29999,23,0,266592459,4.4,0
"realme 12 Pro 5G (Navigator Beige, 256 GB)",23999,31999,25,0,266592459,4.4,0
"Infinix SMART 8 (Shiny Gold, 64 GB)",7399,8999,17,0,270921623,4.3,0
"Infinix SMART 8 (Timber Black, 64 GB)",7399,8999,17,0,270921623,4.3,0
"Infinix SMART 8 (Rainbow Blue, 64 GB)",7399,8999,17,0,270921623,4.3,0
"Infinix SMART 8 (Galaxy White, 64 GB)",7399,8999,17,0,270921623,4.3,0
"REDMI 13c 5G (Startrail Silver, 256 GB)",14290,17999,20,0,5805300,4.2,0
"Infinix Note 40 Pro 5G (Vintage Green, 256 GB)",17999,27999,35,0,143951033,4.1,0
"realme NARZO N63 (Leather Blue, 64 GB)",7684,9999,23,0,79925,4.3,0
"SAMSUNG Galaxy S23 FE (Graphite, 128 GB)",29999,79999,62,0,264001435,4.4,0
"realme 12x 5G (Woodland Green, 128 GB)",11999,16999,29,0,11583738,4.1,0
"Infinix GT 20 Pro (Mecha Blue, 256 GB)",22999,31999,28,0,5487447,4.3,0
"CMF by Nothing Phone 1 (Light Green, 128 GB)",15999,21999,27,0,6243454,4.3,0
"CMF by Nothing Phone 1 (Blue, 128 GB)",14999,19999,25,0,257431932,4.4,0
"CMF by Nothing Phone 1 (Orange, 128 GB)",14999,19999,25,0,257431932,4.4,0
"Infinix GT 20 Pro (Mecha Silver, 256 GB)",22999,31999,28,0,5487447,4.3,0
"Infinix GT 20 Pro (Mecha Orange, 256 GB)",22999,31999,28,0,5487447,4.3,0
"Infinix Hot 50 5G (Sage Green, 128 GB)",9999,12999,23,0,46115,4.4,0
"Infinix Hot 50 5G (Sleek Black, 128 GB)",9999,12999,23,0,46115,4.4,0
"MOTOROLA Edge 50 (Koala Grey, 256 GB)",26999,32999,18,0,8700583,4.3,0
"OnePlus Nord CE 3 Lite 5G (Chromatic Gray, 256 GB)",19480,21999,11,0,1204196304,4.4,0
"vivo T3 Ultra (Frost Green, 128 GB)",31999,35999,11,0,1905111,4.5,0
"vivo T3 Ultra (Frost Green, 256 GB)",33999,37999,10,0,1905111,4.5,0
"vivo T3 Ultra (Lunar Gray, 256 GB)",33999,37999,10,0,1905111,4.5,0
"vivo T3 Ultra (Lunar Gray, 128 GB)",31999,35999,11,0,1905111,4.5,0
"SAMSUNG Galaxy S24+ 5G (Onyx Black, 256 GB)",69999,99999,30,0,97847,4.5,0
"Motorola g45 5G (Brilliant Green, 128 GB)",9999,12999,23,0,3805172,4.4,0
"POCO C65 (Matte Black, 128 GB)",6799,10999,38,0,663193382,4.3,0
"realme 12 Pro 5G (Submarine Blue, 256 GB)",24999,33999,26,0,8405523,4.4,0
"realme 12 Pro 5G (Navigator Beige, 256 GB)",24999,33999,26,0,8405523,4.4,0
"REDMI 13C 5G (Starlight Black, 128 GB)",9199,13999,34,0,23135880,4.3,0
"SAMSUNG Galaxy S23 FE (Purple, 256 GB)",32999,84999,61,0,264001435,4.4,0
"realme 12 Pro 5G (Submarine Blue, 128 GB)",22999,29999,23,0,266592459,4.4,0
"realme 12 Pro 5G (Submarine Blue, 256 GB)",23999,31999,25,0,266592459,4.4,0
"POCO X6 5G (Snowstorm White, 256 GB)",15999,24999,36,0,180331877,4.2,0
"vivo T3 Ultra (Frost Green, 256 GB)",35999,39999,10,0,79249,4.5,0
"Tecno Spark Go 1 (Startrail Black, 64 GB)",7499,8999,16,0,66524,4.4,0
"MOTOROLA Edge 50 Neo (PANTONE Poinciana, 256 GB)",23999,29999,20,0,2757223,4.5,0
"Motorola g04s (Satin Blue, 64 GB)",6999,9999,30,0,206421128,4.2,0
"Infinix Note 40X 5G (Starlit Black, 256 GB)",13999,19999,30,0,105865,4.2,0
"Infinix Note 40X 5G (Palm Blue, 256 GB)",13999,19999,30,0,105865,4.2,0
"SAMSUNG Galaxy S23 FE (Graphite, 256 GB)",32999,84999,61,0,264001435,4.4,0
"SAMSUNG Galaxy A14 5G (Black, 128 GB)",10999,20999,47,0,16569723,4.2,0
"MOTOROLA Edge 50 (Jungle Green, 256 GB)",26999,32999,18,0,8700583,4.3,0
"realme C63 5G Charger in the Box (Starry Gold, 128 GB)",12999,14999,13,0,80433,4.4,0
"realme C61 (Marble Black, 128 GB)",8999,10999,18,0,266069,4.4,0
"Infinix HOT 40i (Horizon Gold, 256 GB)",8999,10999,18,0,16940994,4.1,0
"CMF by Nothing Phone 1 (Black, 128 GB)",15999,21999,27,0,6243454,4.3,0
"CMF by Nothing Phone 1 (Blue, 128 GB)",15999,21999,27,0,6243454,4.3,0
"CMF by Nothing Phone 1 (Light Green, 128 GB)",14999,19999,25,0,257431932,4.4,0
"CMF by Nothing Phone 1 (Black, 128 GB)",14999,19999,25,0,257431932,4.4,0
"POCO C61 (Ethereal Blue, 64 GB)",6299,8999,30,0,29034945,4.2,0
"realme P1 Pro 5G (Phoenix Red, 128 GB)",19999,24999,20,0,185271311,4.5,0
"realme P1 Pro 5G (Parrot Blue, 128 GB)",19999,24999,20,0,185271311,4.5,0
"REDMI 13C (Starshine Green, 128 GB)",8499,13999,39,0,16622681,4.2,0
"Infinix HOT 12 Play (Daylight Green, 64 GB)",5849,11999,51,0,1216698459,4.3,0
"Nothing Phone (2a) 5G (White, 256 GB)",22999,27999,17,0,543914917,4.4,0
"Nothing Phone (2a) 5G (Blue, 256 GB)",22999,27999,17,0,543914917,4.4,0
"realme P1 Pro 5G (Phoenix Red, 256 GB)",20999,25999,19,0,185271311,4.5,0
"realme P1 Pro 5G (Parrot Blue, 256 GB)",20999,25999,19,0,185271311,4.5,0
"realme C63 (Jade Green, 128 GB)",8999,10999,18,0,3384165,4.3,0
"SAMSUNG Galaxy A14 5G (Dark Red, 128 GB)",9999,15499,35,0,9563372,4.2,0
"SAMSUNG Galaxy S23 5G (Phantom Black, 128 GB)",39999,89999,55,0,304911932,4.6,0
"Infinix Hot 11 (Silver Wave, 64 GB)",6499,11999,45,0,167051380,4.4,0
"Infinix GT 20 Pro (Mecha Blue, 256 GB)",24999,34999,28,0,3860253,4.3,0
"Infinix GT 20 Pro (Mecha Orange, 256 GB)",24999,34999,28,0,3860253,4.3,0
"realme P1 Pro 5G (Phoenix Red, 256 GB)",20999,26999,22,0,2292108,4.4,0
"vivo T3 Ultra (Lunar Gray, 256 GB)",35999,39999,10,0,79249,4.5,0
"Apple iPhone 15 Pro Max (White Titanium, 512 GB)",131999,154900,14,0,131376,4.6,0
"Infinix SMART 8 HD (Crystal Green, 64 GB)",6999,8999,22,0,134160,4.3,2
"REDMI Note 13 5G (Arctic White, 256 GB)",16870,22999,26,0,7925474,4.2,0
"Apple iPhone 15 (Green, 256 GB)",67999,79900,14,0,1215343945,4.6,0
"Infinix SMART 8 HD (Galaxy White, 64 GB)",6699,7999,16,0,365392474,4.3,0
"Infinix SMART 8 HD (Timber Black, 64 GB)",6699,7999,16,0,365392474,4.3,0
"Infinix SMART 8 HD (Shiny Gold, 64 GB)",6699,7999,16,0,365392474,4.3,0
"Infinix SMART 8 HD (Crystal Green, 64 GB)",6699,7999,16,0,365392474,4.3,0
"POCO M6 5G (Galactic Black, 128 GB)",9499,13999,32,0,320861682,4.3,0
"POCO C65 (Pastel Green, 128 GB)",6799,10999,38,0,663193382,4.3,0
"realme 13 Pro+ 5G (Monet Purple, 256 GB)",34999,38999,10,0,1885164,4.4,0
"realme 13 Pro+ 5G (Monet Purple, 512 GB)",36999,40999,9,0,1885164,4.4,0
"Google Pixel 8 (Hazel, 256 GB)",42999,82999,48,0,7301535,4.4,0
"Motorola Edge 50 Pro 5G with 125W Charger (Moonlight Pearl, 256 GB)",29999,41999,28,0,182871164,4.4,0
"REDMI 13 5G (Black Diamond, 128 GB)",12832,17999,28,0,5289197,4.2,0
"SAMSUNG Galaxy A15 5G (Blue, 128 GB)",15499,19999,22,0,50219,4.4,0
"realme 13 Pro+ 5G (Monet Gold, 256 GB)",34999,38999,10,0,1885164,4.4,0
"Google Pixel 8 (Obsidian, 128 GB)",38999,75999,48,0,7301535,4.4,0
"Nothing Phone (2a) 5G (White, 256 GB)",24999,29999,16,0,8653761,4.4,0
"Nothing Phone (2a) 5G (White, 128 GB)",22999,25999,11,0,543914917,4.4,0
"Nothing Phone (2a) 5G (Black, 256 GB)",24999,29999,16,0,8653761,4.4,0
"Nothing Phone (2a) 5G (Black, 256 GB)",22999,27999,17,0,543914917,4.4,0
"Nothing Phone (2a) 5G (Black, 128 GB)",22999,25999,11,0,543914917,4.4,0
"CMF by Nothing Phone 1 (Orange, 128 GB)",15999,21999,27,0,6243454,4.3,0
"POCO C65 (Matte Black, 128 GB)",7499,11999,37,0,229361118,4.2,0
"SAMSUNG Galaxy S23 5G (Lavender, 256 GB)",44999,95999,53,0,304911932,4.6,0
"REDMI 13c 5G (Startrail Green, 128 GB)",11064,15999,30,0,13490569,4.2,0
"SAMSUNG Galaxy A15 5G (Blue, 128 GB)",16498,21499,23,0,1821130,4.2,0
"REDMI Note 13 Pro 5G (Arctic White, 128 GB)",19842,28999,31,0,208761731,4.3,0
"Motorola g45 5G (Brilliant Blue, 128 GB)",9999,12999,23,0,3805172,4.4,0
"realme 13 Pro+ 5G (Emerald Green, 256 GB)",32999,36999,10,0,2983285,4.5,0
"POCO C61  - Locked with Airtel Prepaid (Diamond Dust Black, 64 GB)",5499,8999,38,0,29034945,4.2,0
"realme P1 Pro 5G (Parrot Blue, 256 GB)",20999,26999,22,0,2292108,4.4,0
"realme narzo 70 5G (Forest Green, 128 GB)",14994,19999,25,0,90571,4.3,0
"SAMSUNG Galaxy F15 5G (Groovy Violet, 128 GB)",14499,16999,14,0,246482056,4.2,0
"OPPO K12x 5G with 45W SUPERVOOC Charger In-The-Box (Feather Pink, 128 GB)",12999,16999,23,0,436681497,4.5,0
"OPPO K12x 5G with 45W SUPERVOOC Charger In-The-Box (Feather Pink, 256 GB)",15999,18999,15,0,7822282,4.5,0
"REDMI Note 13 Pro 5G (Midnight Black, 128 GB)",19885,28999,31,0,208761731,4.3,0
"SAMSUNG Galaxy A15 5G (Blue, 128 GB)",16498,21499,23,0,1821130,4.2,0
"POCO C61  - Locked with Airtel Prepaid (Diamond Dust Black, 64 GB)",5499,8999,38,0,29034945,4.2,0
"realme P1 Pro 5G (Parrot Blue, 256 GB)",20999,26999,22,0,2292108,4.4,0
"realme narzo 70 5G (Forest Green, 128 GB)",13999,19999,30,0,90571,4.3,0
"OPPO K12x 5G with 45W SUPERVOOC Charger In-The-Box (Feather Pink, 256 GB)",15999,18999,15,0,7822282,4.5,0
"OPPO K12x 5G with 45W SUPERVOOC Charger In-The-Box (Feather Pink, 128 GB)",12999,16999,23,0,436681497,4.5,0
"realme 13 Pro+ 5G (Emerald Green, 512 GB)",36999,40999,9,0,1885164,4.4,0
"Infinix Note 40X 5G (Palm Blue, 256 GB)",13999,21999,36,0,229780,4.2,0
"SAMSUNG Galaxy S24+ 5G (Cobalt Violet, 256 GB)",69999,99999,30,0,97847,4.5,0
"realme narzo 70 5G (Ice Blue, 128 GB)",14999,19999,25,0,90571,4.3,0
"POCO X6 Neo 5G (Horizon Blue, 128 GB)",12999,19999,35,0,139201099,4.2,0
"POCO M6 Plus 5G (Graphite Black, 128 GB)",11499,15999,28,0,6487341,4.2,0
"POCO C61 (Mystical Green, 64 GB)",6299,8999,30,0,29034945,4.2,0
"REDMI Note 13 Pro 5G (Midnight Black, 128 GB)",19885,28999,31,0,208761731,4.3,0
"SAMSUNG Galaxy S23 5G (Phantom Black, 256 GB)",44999,95999,53,0,304911932,4.6,0
"Apple iPhone 15 Pro (Natural Titanium, 256 GB)",114999,119900,4,0,170287,4.7,0
"REDMI 13C 5G (Startrail Green, 128 GB)",9199,13999,34,0,23135880,4.3,0
"SAMSUNG Galaxy A54 5G (Awesome Violet, 128 GB)",29499,41999,29,0,3588321,4.3,0
"SAMSUNG Galaxy S23 5G (Lavender, 128 GB)",39999,89999,55,0,304911932,4.6,0
"realme Narzo N63 4G (Twilight Purple, 128 GB)",8835,10999,19,0,189049,4.1,0
"SAMSUNG Galaxy S23 FE (Purple, 128 GB)",29999,79999,62,0,264001435,4.4,0
"SAMSUNG Galaxy S23 5G (Cream, 256 GB)",44999,95999,53,0,304911932,4.6,0
MOTOROLA A10V DS Keypad Phone with Voice Feature|800 mAh Battery|Wireless FM Recording,1279,1549,17,0,1871109,4.1,0
"REDMI Note 13 Pro 5G (Coral Purple, 128 GB)",20735,28999,28,0,208761731,4.3,0
"Nothing Phone (2a) 5G (Blue, 128 GB)",21999,25999,15,0,543914917,4.4,0
MOTOROLA A10V DS Keypad Phone with Voice Feature|800 mAh Battery|Wireless FM Recording,1279,1549,17,0,1871109,4.1,0
"Infinix HOT 40i (Palm Blue, 256 GB)",8999,10999,18,0,16940994,4.1,0
"SAMSUNG Galaxy A15 5G (Light Blue, 128 GB)",15286,19999,23,0,50219,4.4,0
"realme 12 Pro+ 5G (Explorer Red, 256 GB)",26999,37999,28,0,7235767,4.4,0
"realme C65 5G (Speedy Red, 128 GB)",11499,15999,28,0,8521337,4.4,0
"MOTOROLA Edge 50 (Peach Fuzz, 256 GB)",26999,32999,18,0,8700583,4.3,0
"Google Pixel 9 (Porcelain, 256 GB)",79999,0,0,0,71576,4.6,0
"SAMSUNG Galaxy A54 5G (Awesome Graphite, 128 GB)",23999,41999,42,0,3588321,4.3,0
"REDMI Note 13 5G (Prism Gold, 256 GB)",17427,22999,24,0,7925474,4.2,0
"realme 13 Pro+ 5G (Emerald Green, 256 GB)",32999,36999,10,0,2983285,4.5,0
"realme C65 5G (Feather Green, 128 GB)",10499,14999,30,0,2756134,4.1,0
"realme C65 5G (Feather Green, 128 GB)",11499,15999,28,0,8521337,4.4,0
"realme C63 (Leather Blue, 128 GB)",8999,10999,18,0,3384165,4.3,0
"REDMI Note 13 5G (Arctic White, 128 GB)",15056,20999,28,0,164921002,4.2,0
"Apple iPhone 15 (Yellow, 128 GB)",57999,69900,17,0,1215343945,4.6,0
"POCO F6 5G (Titanium, 256 GB)",23999,33999,29,0,4196358,4.3,0
"SAMSUNG Galaxy M15 5G (Stone Grey, 128 GB)",11899,16999,30,0,77437,4.2,0
"SAMSUNG galaxy M15 5G (Celestrial Blue, 128 GB)",11899,16999,30,0,77437,4.2,0
"POCO X6 Neo 5G (Astral Black, 128 GB)",12999,19999,35,0,139201099,4.2,0
"REDMI A3 (Olive Green, 128 GB)",7999,11999,33,0,94048,4.0,0
"POCO C65 (Pastel Blue, 128 GB)",7499,11999,37,0,229361118,4.2,0
"realme GT 6 (Fluid Silver, 512 GB)",44999,51999,13,0,1715187,4.5,0
"Motorola g31 (Meteorite Grey, 64 GB)",8399,13999,40,0,428354446,4.2,0
"IQOO Z9 Lite 5G (Mocha Brown, 128 GB)",11989,14499,17,0,67422,4.2,0
"realme 13 Pro+ 5G (Monet Gold, 512 GB)",36999,40999,9,0,1885164,4.4,0
"realme NARZO 70X 5G (Forest Green, 128 GB)",13157,18999,30,0,57928,4.2,0
"REDMI Note 13 Pro 5G (Midnight Black, 256 GB)",22805,32999,30,0,4341336,4.3,0
"Xiaomi 14 CIVI (Cruise Blue, 256 GB)",40999,54999,25,0,840112,4.2,0
"Google Pixel 7a (Charcoal, 128 GB)",31999,43999,27,0,212902167,4.1,0
"REDMI 13c 5G (Starlight Black, 256 GB)",13895,17999,22,0,5805300,4.2,0
"realme NARZO 70 5G (ICE BLUE, 128 GB)",14247,20999,32,0,83238,4.3,0
"IQOO Z9 Lite 5G (?Aqua Flow, 128 GB)",10630,14499,26,0,55627,4.2,0
"Infinix Note 40 Pro+ 5G (Obsidian Black, 256 GB)",21999,32999,33,0,1678134,4.2,0
"Nothing Phone (2a) Plus (Black, 256 GB)",25999,29999,13,0,121871,4.5,0
"Nothing Phone (2a) Plus (Grey, 256 GB)",25999,29999,13,0,121871,4.5,0
"POCO X6 5G (Mirror Black, 256 GB)",15999,24999,36,0,180331877,4.2,0
"Infinix Note 40 Pro+ 5G (Racing Grey, 256 GB)",21999,32999,33,0,1678134,4.2,0
"POCO M6 5G (Polaris Green, 128 GB)",9499,13999,32,0,320861682,4.3,0
"POCO M6 5G - Locked with Airtel Prepaid (Galactic Black, 128 GB)",8249,12999,36,0,584493003,4.1,0
"REDMI 13c 5G (Startrail Silver, 128 GB)",9379,13999,33,0,23135880,4.3,0
"Apple iPhone 15 Pro Max (Natural Titanium, 512 GB)",131999,154900,14,0,131376,4.6,0
"realme C65 5G (Speedy Red, 128 GB)",11489,14999,23,0,2756134,4.1,0
"Apple iPhone 15 Pro (Blue Titanium, 256 GB)",114999,119900,4,0,170287,4.7,0
"realme NARZO 70X 5G (FOREST GREEN, 128 GB)",12699,17900,29,0,2541107,4.3,0
"POCO F6 5G (Black, 256 GB)",25999,35999,27,0,2820272,4.3,0
"realme P2 Pro 5G (Eagle Grey, 512 GB)",27999,30999,9,0,81844,4.5,0
"POCO F6 5G (Black, 256 GB)",23999,33999,29,0,4196358,4.3,0
"Motorola g22 (Cosmic Black, 64 GB)",7699,13999,45,0,358453852,3.8,0
"POCO M6 Plus 5G (Misty Lavender, 128 GB)",11499,15999,28,0,6487341,4.2,0
"realme 12+ 5G (Navigator Beige, 256 GB)",21999,25999,15,0,163791486,4.3,0
"realme 12+ 5G (Navigator Beige, 128 GB)",20999,23999,12,0,163791486,4.3,0
"Samsung Galaxy S21 FE 5G with Snapdragon 888 (Navy, 256 GB)",27092,65000,58,0,14791913952,4.3,0
"POCO M6 5G (Orion Blue, 128 GB)",9499,13999,32,0,320861682,4.3,0
"POCO C61  - Locked with Airtel Prepaid (Mystical Green, 64 GB)",5499,8999,38,0,29034945,4.2,0
"realme 12+ 5G (Pioneer Green, 128 GB)",20999,23999,12,0,163791486,4.3,0
"POCO X6 5G (Skyline Blue, 256 GB)",15999,24999,36,0,180331877,4.2,0
"realme 12+ 5G (Pioneer Green, 256 GB)",21999,25999,15,0,163791486,4.3,0
"REDMI Note 13 Pro 5G (Coral Purple, 256 GB)",23998,32999,27,0,4341336,4.3,0
"realme 12 Pro+ 5G (Submarine Blue, 256 GB)",26999,37999,28,0,7235767,4.4,0
"realme 12 Pro+ 5G (Submarine Blue, 256 GB)",25999,35999,27,0,209762590,4.4,0
"realme 12 Pro+ 5G (Navigator Beige, 256 GB)",25999,35999,27,0,209762590,4.4,0
"realme 12 Pro+ 5G (Explorer Red, 256 GB)",25999,35999,27,0,209762590,4.4,0
"realme 12 Pro+ 5G (Navigator Beige, 256 GB)",26999,37999,28,0,7235767,4.4,0
"Apple iPhone 15 Pro Max (Blue Titanium, 512 GB)",131999,154900,14,0,131376,4.6,0
"realme NARZO 70X 5G (ICE BLUE, 128 GB)",10949,16999,35,0,36212,4.2,0
"IQOO Z9 Lite 5G (Mocha Brown, 128 GB)",10490,14499,27,0,55627,4.2,0
"IQOO Z9 Lite 5G (Aqua Flow, 128 GB)",11490,15499,25,0,67422,4.2,0
"realme 12 Pro+ 5G (Submarine Blue, 128 GB)",29999,34999,14,0,209762590,4.4,0
"REDMI 13C 5G (Startrail Green, 128 GB)",11499,15999,28,0,13490569,4.2,0
"Infinix Note 40 Pro 5G (Titan Gold, 256 GB)",17999,27999,35,0,143951033,4.1,0
"POCO X6 Pro 5G (Spectre Black, 256 GB)",20999,30999,32,0,128191486,4.3,0
"POCO X6 Neo 5G (Martian Orange, 128 GB)",12999,19999,35,0,139201099,4.2,0
"SAMSUNG Galaxy S24 Ultra 5G (Titanium Gray, 256 GB)",121999,134999,9,0,2081255,4.6,0
"REDMI Note 13 5G (Chromatic Purple, 128 GB)",15324,20999,27,0,164921002,4.2,0
"Apple iPhone 15 Plus (Black, 256 GB)",76999,89900,14,0,188871020,4.6,0
"realme Narzo N63 4G (Twilight Purple, 64 GB)",7973,9999,20,0,189049,4.1,0
"realme GT 6 (Razor Green, 512 GB)",44999,51999,13,0,1715187,4.5,0
"realme GT 6 (Razor Green, 256 GB)",40999,43999,6,0,1094124,4.5,0
"realme GT 6 (Fluid Silver, 256 GB)",40999,43999,6,0,1094124,4.5,0
"Apple iPhone 15 Pro (White Titanium, 256 GB)",114999,119900,4,0,170287,4.7,0
"SAMSUNG Galaxy F15 5G (Groovy Violet, 128 GB)",14499,16999,14,0,246482056,4.2,0
"realme 13 Pro 5G (Monet Gold, 256 GB)",28999,30999,6,0,2783202,4.4,0
"SAMSUNG Galaxy M14 4G (Sapphire Blue, 64 GB)",8423,13999,39,0,161764,4.0,0
"REDMI Note 13 Pro+ 5G (Fusion Purple, 256 GB)",27999,33999,17,0,8909920,4.2,0
"realme P2 Pro 5G (Eagle Grey, 128 GB)",21999,25999,15,0,85439,4.5,0
"realme P2 Pro 5G (Parrot Green, 128 GB)",21999,25999,15,0,85439,4.5,0
"realme P2 Pro 5G (Eagle Grey, 256 GB)",24999,27999,10,0,81844,4.5,0
"Motorola G85 5G (Urban Grey, 256 GB)",18999,22999,17,0,18126913,4.4,0
"SAMSUNG Galaxy F15 5G (Jazzy Green, 128 GB)",14499,16999,14,0,246482056,4.2,0
"Tecno Spark Go 1 (Glittery White, 64 GB)",7499,8999,16,0,66524,4.4,0
"Google Pixel 9 (Obsidian, 256 GB)",79999,0,0,0,71576,4.6,0
"Nothing Phone (2a) Plus (Grey, 256 GB)",27999,31999,12,0,82847,4.4,0
"REDMI 12 5G (Pastel Blue, 256 GB)",14149,19999,29,0,310821814,4.2,0
"REDMI Note 13 5G (Chromatic Purple, 256 GB)",17999,22999,21,0,7925474,4.2,0
"realme C65 5G (Feather Green, 64 GB)",10499,13999,25,0,2756134,4.1,0
"Apple iPhone 15 Pro Max (Black Titanium, 1 TB)",139999,174900,19,0,131376,4.6,0
"REDMI A3 (Lake Blue, 128 GB)",8000,11999,33,0,94048,4.0,0
"POCO C61 (Diamond Dust Black, 64 GB)",6299,8999,30,0,29034945,4.2,0
"realme 13 Pro 5G (Emerald Green, 256 GB)",28999,30999,6,0,2783202,4.4,0
"SAMSUNG Galaxy A15 5G (Blue Black, 128 GB)",15499,19999,22,0,50219,4.4,0
"Apple iPhone 15 Pro Max (Blue Titanium, 1 TB)",139999,174900,19,0,131376,4.6,0
"realme 13 Pro 5G (Monet Purple, 128 GB)",26999,28999,6,0,2783202,4.4,0
"REDMI Note 13 Pro 5G (Midnight Black, 256 GB)",22508,30999,27,0,208761731,4.3,0
"REDMI Note 13 5G (Stealth Black, 256 GB)",18278,24999,26,0,3529212,4.1,0
"REDMI Note 13 Pro 5G (Coral Purple, 256 GB)",25999,32999,21,0,4341336,4.3,0
"Apple iPhone 15 Plus (Pink, 256 GB)",76999,89900,14,0,188871020,4.6,0
"Google Pixel 7a (Snow, 128 GB)",31999,43999,27,0,212902167,4.1,0
"Motorola G60 (Moonless, 128 GB)",11199,21999,49,0,788597693,4.1,0
"REDMI 13 5G (Hawaiian Blue, 128 GB)",13950,19999,30,0,108436,4.2,0
"vivo T2 Pro 5G (New Moon Black, 256 GB)",23999,27999,14,0,1175548994,4.5,0
"POCO M6 5G - Locked with Airtel Prepaid (Orion Blue, 128 GB)",8249,12999,36,0,584493003,4.1,0
"realme 13 Pro 5G (Monet Purple, 512 GB)",31999,34999,8,0,25920,4.3,0
"realme 13 Pro+ 5G (Emerald Green, 256 GB)",34999,38999,10,0,1885164,4.4,0
"realme 13 Pro 5G (Monet Gold, 512 GB)",31999,34999,8,0,25920,4.3,0
"realme P2 Pro 5G (Parrot Green, 512 GB)",27999,30999,9,0,81844,4.5,0
"POCO X6 Pro 5G (Racing Grey, 256 GB)",20999,30999,32,0,128191486,4.3,0
"OPPO F25 Pro 5G (Coral Purple, 128 GB)",19999,28999,31,0,4493352,4.3,0
"REDMI 12 5G (Jade Black, 256 GB)",14149,19999,29,0,310821814,4.2,0
"POCO X6 Pro 5G (Racing Grey, 512 GB)",22999,32999,30,0,114541365,4.3,0
"REDMI 13c 5G (Startrail Silver, 128 GB)",11162,15999,30,0,13490569,4.2,0
"REDMI 13C 5G (Starlight Black, 128 GB)",11499,15999,28,0,13490569,4.2,0
"POCO X6 5G (Skyline Blue, 256 GB)",17499,26999,35,0,5260503,4.3,0
"vivo T2 Pro 5G (Dune Gold, 128 GB)",22999,26999,14,0,1175548994,4.5,0
"REDMI Note 13 5G (Stealth Black, 256 GB)",18499,24999,26,0,3529212,4.1,0
"REDMI Note 13 Pro 5G (Arctic White, 256 GB)",22960,32999,30,0,4341336,4.3,0
"realme P2 Pro 5G (Parrot Green, 256 GB)",24999,27999,10,0,81844,4.5,0
"Apple iPhone 15 Pro (Natural Titanium, 128 GB)",106999,109900,2,0,170287,4.7,0
"REDMI 13 5G (Orchid Pink, 128 GB)",14658,19999,26,0,108436,4.2,0
"REDMI Note 12 5G (Matte Black, 256 GB)",15499,23999,35,0,5570427,4.1,0
"vivo V30 Pro 5G (Andaman Blue, 512 GB)",44399,51999,14,0,1697210,4.5,0
"REDMI Note 13 Pro 5G (Coral Purple, 128 GB)",22999,28999,20,0,208761731,4.3,0
"realme C61 (Marble Black, 128 GB)",9499,9999,5,0,186654,4.3,0
"vivo V30 Pro 5G (Classic Black, 256 GB)",39399,46999,16,0,4550613,4.5,0
"vivo V30 Pro 5G (Classic Black, 512 GB)",44399,51999,14,0,1697210,4.5,0
"POCO X6 Pro 5G (Yellow, 256 GB)",20999,30999,32,0,128191486,4.3,0
"REDMI 13 5G (Black Diamond, 128 GB)",13499,17999,25,0,5289197,4.2,0
"realme NARZO 70X 5G (FOREST GREEN, 128 GB)",10999,16999,35,0,36212,4.2,0
"realme Narzo N61 (Marble Black, 128 GB)",8829,9999,11,0,1253,4.0,0
"POCO F6 5G (Titanium, 512 GB)",27999,37999,26,0,2820272,4.3,0
"vivo Y18 (Gem Green, 128 GB)",9499,13999,32,0,84730,4.0,0
"vivo Y18 (Space Black, 64 GB)",8499,12999,34,0,84730,4.0,0
"SAMSUNG Galaxy A55 5G (Awesome Iceblue, 128 GB)",40499,42999,5,0,29324,4.4,0
"vivo Y18 (Gem Green, 64 GB)",8499,12999,34,0,84730,4.0,0
"Google Pixel 9 (Wintergreen, 256 GB)",79999,0,0,0,71576,4.6,0
"vivo V30e (Silk Blue, 128 GB)",25999,32999,21,0,3969298,4.4,0
"vivo V30e (Velvet Red, 128 GB)",25999,32999,21,0,3969298,4.4,0
"REDMI Note 13 Pro 5G (Arctic White, 128 GB)",22999,28999,20,0,208761731,4.3,0
"Motorola Edge 50 Ultra 5G (Nordic Wood, 512 GB)",51999,64999,20,0,1407166,4.3,0
"realme 13 Pro 5G (Monet Purple, 256 GB)",28999,30999,6,0,2783202,4.4,0
"realme 13 Pro 5G (Monet Gold, 128 GB)",26999,28999,6,0,2783202,4.4,0
"realme 13 Pro 5G (Emerald Green, 128 GB)",26999,28999,6,0,2783202,4.4,0
"REDMI 12 5G (Moonstone Silver, 256 GB)",14149,19999,29,0,310821814,4.2,0
"vivo V30e (Silk Blue, 256 GB)",28690,34999,18,0,3969298,4.4,0
"REDMI 13C 5G (Startrail Silver, 256 GB)",13499,17999,25,0,5805300,4.2,0
"OPPO Reno 12 Pro 5G (Space Brown, 512 GB)",40999,55999,26,0,1839130,4.4,0
"Infinix Note 40X 5G (Starlit Black, 256 GB)",13999,21999,36,0,229780,4.2,0
"vivo Y18i (Space Black, 64 GB)",8472,11999,29,0,29612,3.9,0
"realme C65 5G (Speedy Red, 128 GB)",12820,16999,24,0,321,4.3,0
"realme C65 5G (Feather Green, 128 GB)",13100,16999,22,0,321,4.3,0
"vivo V30 Pro 5G (Andaman Blue, 256 GB)",39399,46999,16,0,4550613,4.5,0
"REDMI 12 (Jade Black, 128 GB)",8991,15999,43,0,569013622,4.2,0
"REDMI A3X (Midnight Black, 64 GB)",6999,9999,30,0,67824,4.2,0
"REDMI A3X (Ocean Green, 64 GB)",6999,9999,30,0,67824,4.2,0
"Xiaomi 14 CIVI (Matcha Green, 256 GB)",40999,54999,25,0,840112,4.2,0
"Nothing Phone (2a) Plus (Black, 256 GB)",27999,31999,12,0,82847,4.4,0
"vivo Y18 (Space Black, 128 GB)",9499,13999,32,0,84730,4.0,0
"Google Pixel 8a (Porcelain, 128 GB)",43999,52999,16,0,1183132,4.1,0
"Motorola g04s (Sea Green, 64 GB)",6999,9999,30,0,206421128,4.2,0
"Apple iPhone 15 Pro Max (Blue Titanium, 256 GB)",126999,134900,5,0,131376,4.6,0
"POCO X6 5G (Mirror Black, 512 GB)",18999,27999,32,0,5260503,4.3,0
MOTOROLA A10V DS Keypad Phone with Voice Feature|800 mAh Battery|Wireless FM Recording,1298,1599,18,0,1871109,4.1,0
"OPPO F27 5G (Amber Orange, 128 GB)",20999,26999,22,0,23715,4.2,0
"OPPO F27 5G (Amber Orange, 256 GB)",22999,28999,20,0,23715,4.2,0
"OPPO F27 5G (Emerald Green, 256 GB)",22999,28999,20,0,23715,4.2,0
"POCO F6 5G (Titanium, 256 GB)",25999,35999,27,0,2820272,4.3,0
"realme Narzo N61 (Voyage Blue, 128 GB)",8459,9999,15,0,1253,4.0,0
"Nothing Phone (2a) 5G (Special Edition, 256 GB)",22999,27999,17,0,543914917,4.4,0
"vivo V30e (Velvet Red, 256 GB)",27999,34999,20,0,3969298,4.4,0
"Infinix HOT 40i (Starfall Green, 256 GB)",8999,10999,18,0,16940994,4.1,0
MOTOROLA A10V DS Keypad Phone with Voice Feature|800 mAh Battery|Wireless FM Recording,1273,1549,17,0,1871109,4.1,0
"vivo Y18i (Gem Green, 64 GB)",7997,11999,33,0,29612,3.9,0
"realme C65 5G (Glowing Black, 128 GB)",10399,14999,30,0,2756134,4.1,0
"REDMI 13 5G (Black Diamond, 128 GB)",14999,19999,25,0,108436,4.2,0
"REDMI 13 5G (Orchid Pink, 128 GB)",14999,19999,25,0,108436,4.2,0
"REDMI 13 5G (Hawaiian Blue, 128 GB)",14999,19999,25,0,108436,4.2,0
"POCO X6 Pro 5G (Yellow, 512 GB)",22999,32999,30,0,114541365,4.3,0
"Apple iPhone 15 Pro (Black Titanium, 512 GB)",121999,139900,12,0,170287,4.7,0
"Apple iPhone 15 Plus (Blue, 256 GB)",76999,89900,14,0,188871020,4.6,0
"REDMI A3X (Starry White, 128 GB)",7999,10999,27,0,451,4.2,0
"REDMI Note 13 Pro 5G (Midnight Black, 256 GB)",24999,30999,19,0,208761731,4.3,0
"IQOO Z9x (Storm Grey, 128 GB)",13190,17999,26,0,69727,4.2,0
"SAMSUNG Galaxy A55 5G (Awesome Navy, 128 GB)",40499,42999,5,0,29324,4.4,0
"SAMSUNG Galaxy M14 4G (Arctic Blue, 128 GB)",11498,16999,32,0,40,4.0,0
"REDMI Note 13 5G (Prism Gold, 256 GB)",18279,24999,26,0,3529212,4.1,0
"POCO X6 5G (Snowstorm White, 512 GB)",18999,27999,32,0,5260503,4.3,0
"SAMSUNG Galaxy M15 5G (Blue Topaz, 128 GB)",11899,16999,30,0,77437,4.2,0
"SAMSUNG Galaxy F55 5G (Raisin Black, 128 GB)",21299,28999,26,0,74662,3.8,0
"Tecno POVA 5 Pro 5G (Dark Illusion, 256 GB)",15999,20999,23,0,2662151,4.2,0
"OnePlus N20 SE (CELESTIAL BLACK, 128 GB)",10988,19999,45,0,152656,4.1,0
"IQOO Z9X (Storm Grey, 128 GB)",16680,19999,16,0,82723,4.3,0
"Apple iPhone 15 Pro (Blue Titanium, 512 GB)",121999,139900,12,0,170287,4.7,0
"Apple iPhone 15 Plus (Green, 256 GB)",76999,89900,14,0,188871020,4.6,0
"Google Pixel 7a (Coral, 128 GB)",31999,43999,27,0,212902167,4.1,0
"REDMI Note 13 5G (Arctic White, 256 GB)",18798,24999,24,0,3529212,4.1,0
"SAMSUNG Galaxy A35 5G (Awesome Lilac, 128 GB)",31349,33999,7,0,1325100,4.3,0
"Xiaomi 14 CIVI (Shadow Black, 256 GB)",40999,54999,25,0,840112,4.2,0
"SAMSUNG Galaxy M34 5G without charger (Prism Silver, 128 GB)",14990,24499,38,0,4827316,4.2,0
"Infinix Note 12 (Jewel Blue, 128 GB)",12999,17999,27,0,139501259,4.2,0
"Infinix Note 12 (Force Black, 128 GB)",12999,17999,27,0,139501259,4.2,0
"vivo T2 Pro 5G (Dune Gold, 256 GB)",23999,27999,14,0,1175548994,4.5,0
"IQOO Z9X (Tornado Green, 128 GB)",16435,19999,17,0,82723,4.3,0
"IQOO z9x (Tornado Green, 128 GB)",14138,17999,21,0,2609119,4.3,0
"IQOO z9x (Storm Grey, 128 GB)",14088,17999,21,0,2609119,4.3,0
"SAMSUNG Galaxy A05 (Silver, 64 GB)",7779,12499,37,0,1225,4.4,0
"SAMSUNG Galaxy A35 5G (Awesome Iceblue, 128 GB)",31349,33999,7,0,1325100,4.3,0
"Infinix Note 12 (Force Black, 64 GB)",7799,15999,51,0,292332730,4.2,0
"OPPO Reno 12 5G (Sunset Peach, 256 GB)",32999,43999,25,0,40116,4.4,0
"SAMSUNG Galaxy A55 5G (Awesome Iceblue, 256 GB)",46499,48999,5,0,17713,4.3,0
"REDMI Note 13 Pro 5G (Midnight Black, 128 GB)",22999,28999,20,0,208761731,4.3,0
"REDMI Note 12 5G (Frosted Green, 256 GB)",15497,23999,35,0,5570427,4.1,0
"OPPO F25 Pro 5G (Ocean Blue, 256 GB)",25999,30999,16,0,4493352,4.3,0
"IQOO Z9x (Tornado Green, 128 GB)",13489,17999,25,0,69727,4.2,0
"REDMI Note 12 5G (Matte Black, 128 GB)",14188,21999,35,0,153731068,4.2,0
"realme GT 6 (Razor Green, 256 GB)",42999,46999,8,0,47842,4.4,0
"realme GT 6 (Fluid Silver, 256 GB)",42999,46999,8,0,47842,4.4,0
"OnePlus Nord CE4 (Dark Chrome, 128 GB)",23938,24999,4,0,13887797,4.5,0
"OnePlus Nord CE4 (Dark Chrome, 256 GB)",26999,0,0,0,13887797,4.5,0
"realme GT 6T 5G (Fluid Silver, 512 GB)",37584,41999,10,0,42840,4.6,0
"OnePlus Nord CE4 (Celadon Marble, 128 GB)",23177,24999,7,0,13887797,4.5,0
"SAMSUNG Galaxy A35 5G (Awesome Lilac, 256 GB)",34349,36999,7,0,1325100,4.3,0
"realme GT 6T 5G (Razor Green, 256 GB)",32459,37999,14,0,42840,4.6,0
"OnePlus Nord CE4 lite 5G (MEGA BLUE, 256 GB)",21565,23999,10,0,3257120,4.3,0
"Apple iPhone 15 Pro (Black Titanium, 1 TB)",129999,159900,18,0,170287,4.7,0
"Apple iPhone 15 Pro Max (Natural Titanium, 256 GB)",126999,134900,5,0,131376,4.6,0
"REDMI 12 5G (Moonstone Silver, 128 GB)",12649,17999,29,0,558992676,4.2,0
"OPPO Reno 12 Pro 5G (Space Brown, 256 GB)",36999,53999,31,0,1839130,4.4,0
"OPPO Reno 12 Pro 5G (Sunset Gold, 256 GB)",36999,53999,31,0,1839130,4.4,0
"Tecno Pova 6 Neo (Midnight Shadow, 128 GB)",12999,15999,18,0,11016,4.2,0
"SAMSUNG Galaxy A55 5G (Awesome Navy, 256 GB)",43499,48999,11,0,17713,4.3,0
"POCO F6 5G (Black, 512 GB)",27999,37999,26,0,2820272,4.3,0
"realme GT 6T 5G (Razor Green, 256 GB)",29858,35999,17,0,113772,4.5,0
"realme GT 6T 5G (Miracle Purple, 256 GB)",32954,37999,13,0,42840,4.6,0
"Infinix Note 12 (Jewel Blue, 64 GB)",7799,15999,51,0,292332730,4.2,0
"REDMI A3 (Midnight Black, 128 GB)",8090,11999,32,0,94048,4.0,0
"vivo V40 5G (Ganges Blue, 128 GB)",34999,39999,12,0,3726354,4.5,0
"vivo V40 5G (Titanium Grey, 256 GB)",36999,42999,13,0,3726354,4.5,0
"vivo V40 5G (Titanium Grey, 128 GB)",34999,39999,12,0,3726354,4.5,0
"SAMSUNG Galaxy A15 5G (Blue Black, 256 GB)",19999,24499,18,0,1821130,4.2,0
"IQOO Z9 LITE 5G (Mocha Brown, 128 GB)",10555,14499,27,0,55627,4.2,0
"REDMI A1 (Light Green, 32 GB)",6250,8999,30,0,10016451,4.2,0
"realme 12 5G (Twilight Purple, 128 GB)",16999,19999,15,0,7423498,4.4,0
"realme GT 6T 5G (Razor Green, 512 GB)",37579,41999,10,0,42840,4.6,0
"Apple iPhone 15 Pro (Blue Titanium, 1 TB)",129999,159900,18,0,170287,4.7,0
"Tecno Spark Go 2024 (Magic Skin Green, 64 GB)",7199,7999,10,0,112547,4.3,0
"Tecno Spark Go 2024 (Gravity Black, 64 GB)",7199,7999,10,0,112547,4.3,0
"Tecno Spark Go 2024 (Mystery White, 64 GB)",7199,7999,10,0,112547,4.3,0
"POCO C65 (Pastel Green, 256 GB)",9499,13499,29,0,11385623,4.2,0
"IQOO Z7 Pro 5G (Graphite Matte, 256 GB)",21999,27999,21,0,7709470,4.4,0
"SAMSUNG Galaxy A05 (Light Green, 64 GB)",7779,12499,37,0,1225,4.4,0
"Tecno Pova 6 Pro 5G (Meteorite Grey, 256 GB)",19999,22999,13,0,38018,4.3,0
"POCO M6 5G - Locked with Airtel Prepaid (Polaris Green, 128 GB)",8249,12999,36,0,584493003,4.1,0
"Infinix Zero 40 5G (Moving Titanium, 256 GB)",27999,37999,26,0,14127,4.4,0
"Infinix Zero 40 5G (Violet Garden, 512 GB)",30999,41999,26,0,14127,4.4,0
"Infinix Zero 40 5G (Rock Black, 256 GB)",27999,37999,26,0,14127,4.4,0
"Infinix Zero 40 5G (Rock Black, 512 GB)",30999,41999,26,0,14127,4.4,0
"SAMSUNG Galaxy F15 5G (Ash Black, 128 GB)",14499,16999,14,0,246482056,4.2,0
"IQOO Z9 LITE 5G (Aqua Flow, 128 GB)",12900,15499,16,0,67422,4.2,0
"POCO X6 5G (Mirror Black, 256 GB)",17499,26999,35,0,5260503,4.3,0
"REDMI Note 13 Pro+ 5G (Fusion Purple, 512 GB)",29855,37999,21,0,6973667,4.2,0
"Tecno Spark Go 2024 (Mystery White, 64 GB)",6899,7499,8,0,52315,4.3,0
"Tecno Spark Go 2024 (Magic Skin Green, 64 GB)",6899,7499,8,0,52315,4.3,0
"Tecno Spark Go 2024 (Gravity Black, 64 GB)",6899,7499,8,0,52315,4.3,0
"REDMI 13 5G (Hawaiian Blue, 128 GB)",12662,17999,29,0,5289197,4.2,0
"Xiaomi 14 CIVI (Shadow Black, 512 GB)",45999,59999,23,0,33633,4.4,0
"REDMI Note 13 Pro+ 5G (Fusion Black, 256 GB)",25138,33999,26,0,8909920,4.2,0
"realme 13+ 5G (Dark Purple, 128 GB)",22999,25999,11,0,22415,4.4,0
"realme C65 5G (Glowing Black, 128 GB)",11499,15999,28,0,8521337,4.4,0
hmd 105 Dual Sim,1068,1499,28,0,13712,4.1,0
"realme 13+ 5G (Victory Gold, 128 GB)",22999,25999,11,0,22415,4.4,0
"realme 13+ 5G (Speed Green, 128 GB)",22999,25999,11,0,22415,4.4,0
"realme 13+ 5G (Speed Green, 256 GB)",24999,27999,10,0,22415,4.4,0
"realme NARZO N65 5G (AMBER GOLD, 128 GB)",11794,14999,21,0,135541,4.3,0
Motorola a10,1499,1699,11,0,8386839,4.2,0
"vivo V40 Pro 5G (Ganges Blue, 256 GB)",49999,54999,9,0,57573,4.5,0
"vivo V40 Pro 5G (Titanium Grey, 256 GB)",49999,54999,9,0,57573,4.5,0
"realme NARZO 70X 5G (ICE BLUE, 128 GB)",11790,17999,34,0,2541107,4.3,0
"Samsung Galaxy S21 FE 5G with Snapdragon 888 (Lavender, 256 GB)",27866,65000,57,0,14791913952,4.3,0
"REDMI 12 (Pastel Blue, 128 GB)",8900,15999,44,0,569013622,4.2,0
"Apple iPhone 15 Pro (White Titanium, 1 TB)",129999,159900,18,0,170287,4.7,0
"OnePlus Nord CE4 lite 5G (SUPER SILVER, 256 GB)",20990,23999,12,0,3257120,4.3,0
"realme GT 6T 5G (Miracle Purple, 256 GB)",29824,35999,17,0,113772,4.5,0
MOTOROLA A50V Dual Sim Keypad Phone|1750 mAh Battery|1.8inch Display|Expandable Upto 32GB,1599,1699,5,0,1781,4.1,0
"POCO X6 5G (Snowstorm White, 256 GB)",17499,26999,35,0,5260503,4.3,0
"vivo V40 5G (Lotus Purple, 256 GB)",36999,42999,13,0,3726354,4.5,0
"vivo V40 5G (Lotus Purple, 512 GB)",41999,48999,14,0,38937,4.5,0
"vivo V40 5G (Lotus Purple, 128 GB)",34999,39999,12,0,3726354,4.5,0
"vivo V40 5G (Ganges Blue, 512 GB)",41999,48999,14,0,38937,4.5,0
"Infinix Note 40 5G (Obsidian Black, 256 GB)",15999,24999,36,0,2400254,4.1,0
"realme 12 5G (Woodland Green, 128 GB)",17999,20999,14,0,2191118,4.3,0
"REDMI Note 13 Pro+ 5G (Fusion Black, 512 GB)",31999,37999,15,0,6973667,4.2,0
"realme GT 6T 5G (Fluid Silver, 128 GB)",28594,33999,15,0,113772,4.5,0
"realme Narzo N65 5G (Amber Gold, 128 GB)",11289,13999,19,0,39017,4.3,0
"Infinix Hot 11S (7Â° Purple, 64 GB)",10999,13999,21,0,518485373,4.3,0
"OPPO A3 Pro 5G (Starry Black, 256 GB)",19999,22999,13,0,94542,4.3,0
"OPPO A3 Pro 5G (Moonlight Purple, 256 GB)",19999,22999,13,0,94542,4.3,0
"realme NARZO N65 5G (AMBER GOLD, 128 GB)",11298,13999,19,0,39017,4.3,0
"SAMSUNG Galaxy F34 5G (Mystic Green, 128 GB)",14999,25999,42,0,138511026,4.2,0
"REDMI Note 13 5G (Stealth Black, 128 GB)",15134,20999,27,0,164921002,4.2,0
"REDMI Note 13 5G (Arctic White, 256 GB)",18232,24999,27,0,3529212,4.1,0
"REDMI Note 13 5G (Stealth Black, 256 GB)",17036,22999,25,0,7925474,4.2,0
"POCO X6 Neo 5G (Astral Black, 256 GB)",15999,21999,27,0,10565765,4.1,0
"Xiaomi 14 CIVI (Matcha Green, 512 GB)",45999,59999,23,0,33633,4.4,0
"realme 13+ 5G (Speed Green, 256 GB)",26999,29999,10,0,243,4.3,0
"REDMI Note 13 Pro+ 5G (Fusion Purple, 512 GB)",31999,37999,15,0,6973667,4.2,0
"REDMI 12 5G (Jade Black, 128 GB)",12649,17999,29,0,558992676,4.2,0
"SAMSUNG Galaxy M35 5G (DayBreak Blue, 128 GB)",15570,24499,36,0,65532,4.3,0
"REDMI 13 5G (Orchid Pink, 128 GB)",12799,17999,28,0,5289197,4.2,0
"realme 13 Pro 5G (Emerald Green, 512 GB)",31999,34999,8,0,25920,4.3,0
"SAMSUNG Galaxy F15 5G (Jazzy Green, 128 GB)",12999,15999,18,0,10367889,4.1,0
"Google Pixel 9 Pro XL (Hazel, 256 GB)",124999,0,0,0,28920,4.6,0
"SAMSUNG Galaxy S21 FE 5G (Graphite, 128 GB)",27999,74999,62,0,14791913952,4.3,0
"OPPO F25 Pro 5G (Lava Red, 256 GB)",25999,30999,16,0,4493352,4.3,0
"realme Narzo 60x 5G (Stellar Green, 128 GB)",11990,14999,20,0,6046315,4.3,0
"Motorola Edge 40 Neo (Peach Fuzz, 128 GB)",22999,27999,17,0,571345973,4.3,0
"Infinix Zero 40 5G (Violet Garden, 256 GB)",27999,37999,26,0,14127,4.4,0
"realme NARZO N65 5G (DEEP GREEN, 128 GB)",11783,14999,21,0,135541,4.3,0
"vivo V40 Pro 5G (Ganges Blue, 512 GB)",55999,60999,8,0,40442,4.6,0
"Apple iPhone 15 Pro Max (Black Titanium, 512 GB)",131999,154900,14,0,131376,4.6,0
"OPPO F25 Pro 5G (Ocean Blue, 128 GB)",19999,28999,31,0,4493352,4.3,0
"OPPO F25 Pro 5G (Lava Red, 128 GB)",19999,28999,31,0,4493352,4.3,0
"Mi 11 Lite (Vinyl Black, 128 GB)",23999,25999,7,0,6358635,4.2,0
"Samsung Galaxy S21 FE 5G with Snapdragon 888 (Graphite, 256 GB)",29885,69660,57,0,14791913952,4.3,0
"realme 70 TURBO 5G (Turbo Yellow, 128 GB)",16271,19999,18,0,202,4.5,0
"realme 70 TURBO 5G (Turbo Yellow, 128 GB)",17455,20999,16,0,110,4.5,0
"realme 70 TURBO 5G (Turbo Purple, 128 GB)",16479,19999,17,0,202,4.5,0
"OPPO Reno 12 5G (Matte Brown, 256 GB)",32999,43999,25,0,40116,4.4,0
"OPPO F27 Pro+ (Dusk Pink, 256 GB)",29999,34999,14,0,2365123,4.3,0
"vivo V40 5G (Ganges Blue, 256 GB)",36999,42999,13,0,3726354,4.5,0
"realme Narzo N63 4G (Twilight Purple, 128 GB)",8999,10999,18,0,189049,4.1,0
"realme Narzo N61 (Voyage Blue, 64 GB)",7453,8652,13,0,1577,4.4,0
"IQOO Z9 (Brushed Green, 128 GB)",18990,24999,24,0,130390,4.4,0
"realme Narzo N61 (Marble Black, 64 GB)",7716,8699,11,0,1577,4.4,0
"realme GT 6T 5G (Fluid Silver, 256 GB)",32989,37999,13,0,42840,4.6,0
"Google Pixel 9 (Peony, 256 GB)",79999,0,0,0,71576,4.6,0
"OPPO F27 Pro+ (Midnight Navy, 128 GB)",27999,32999,15,0,2365123,4.3,0
"SAMSUNG Galaxy F15 5G (Groovy Violet, 128 GB)",12999,15999,18,0,10367889,4.1,0
"POCO X6 Neo 5G (Martian Orange, 256 GB)",15999,21999,27,0,10565765,4.1,0
"vivo Y27 (Garden Green, 128 GB)",10999,18999,42,0,2538112,4.2,0
"OPPO F27 Pro+ (Dusk Pink, 128 GB)",27999,32999,15,0,2365123,4.3,0
"vivo Y36 (Vibrant Gold, 128 GB)",14999,21999,31,0,125962,4.3,0
"OPPO A38 (Glowing Gold, 128 GB)",9899,16999,41,0,168667,4.3,0
"REDMI A1+ (Black, 32 GB)",8099,9999,19,0,13491572,4.2,0
"Apple iPhone 15 Pro (Natural Titanium, 1 TB)",129999,159900,18,0,170287,4.7,0
"SAMSUNG Galaxy M14 4G (Arctic Blue, 64 GB)",8239,13999,41,0,161764,4.0,0
"Motorola Edge 50 Ultra 5G (Peach Fuzz, 512 GB)",51999,64999,20,0,1407166,4.3,0
"OPPO Reno 12 Pro 5G (Sunset Gold, 512 GB)",40999,55999,26,0,1839130,4.4,0
"Motorola g31 (Baby Blue, 128 GB)",9099,16999,46,0,189511759,4.1,0
"REDMI Note 13 Pro 5G (Scarlet Red, 128 GB)",22999,28999,20,0,208761731,4.3,0
"POCO M6 Plus 5G (Ice Silver, 128 GB)",12999,17999,27,0,121369,4.1,0
"SAMSUNG Galaxy M15 5G (Blue Topaz, 128 GB)",12999,15999,18,0,1877,4.1,0
"realme 12 5G (Woodland Green, 128 GB)",16999,19999,15,0,7423498,4.4,0
"vivo V40 Pro 5G (Titanium Grey, 512 GB)",55999,60999,8,0,40442,4.6,0
"REDMI 13C (Stardust Black, 128 GB)",10699,13999,23,0,16622681,4.2,0
"Apple iPhone 15 Pro (White Titanium, 512 GB)",121999,139900,12,0,170287,4.7,0
"SAMSUNG Galaxy A54 5G (Awesome Violet, 256 GB)",35499,45999,22,0,3588321,4.3,0
"REDMI 13C (Starshine Green, 128 GB)",9479,11999,21,0,504972160,4.3,0
"OPPO Reno11 Pro 5G (Pearl White, 256 GB)",29999,44999,33,0,3311419,4.4,0
"OnePlus 11R 5G (Sonic Black, 128 GB)",30888,39999,22,0,8899650,4.5,0
"OnePlus 11R 5G (Sonic Black, 256 GB)",37830,44999,15,0,13487893,4.5,0
"REDMI Note 13 5G (Prism Gold, 256 GB)",18999,24999,24,0,3529212,4.1,0
"realme 13 5G (Dark Purple, 128 GB)",17999,21999,18,0,29119,4.2,0
"realme 13 5G (Speed Green, 128 GB)",17999,21999,18,0,29119,4.2,0
"realme 13 5G (Dark Purple, 256 GB)",19999,22999,13,0,29119,4.2,0
"OPPO A3x 5G (Starlight White, 64 GB)",14999,0,0,0,60025,4.1,0
"REDMI A3X (Olive Green, 64 GB)",6999,9999,30,0,67824,4.2,0
"REDMI A3X (Starry White, 64 GB)",6999,9999,30,0,67824,4.2,0
"vivo Y58 5G (Himalayan Blue, 128 GB)",18489,23999,22,0,2638,4.4,0
"realme C53 (Champion Black, 64 GB)",10999,12999,15,0,1314735934,4.4,0
"OnePlus 11R 5G (Red, Solar Red, 128 GB)",30499,39999,23,0,8899650,4.5,0
"realme 13+ 5G (Dark Purple, 256 GB)",24999,27999,10,0,22415,4.4,0
"REDMI Note 13 Pro+ 5G (Fusion Black, 256 GB)",26397,35999,26,0,6973667,4.2,0
"OnePlus 11R 5G (Galactic Silver, 256 GB)",42999,44999,4,0,13487893,4.5,0
"Motorola Edge 30 (Aurora Green, 128 GB)",18899,34999,46,0,86741077,4.1,0
"REDMI Note 12 5G (Mystique Blue, 256 GB)",15497,23999,35,0,5570427,4.1,0
"SAMSUNG Galaxy F15 5G (Jazzy Green, 128 GB)",15999,17999,11,0,3463181,4.2,0
"SAMSUNG Galaxy A35 5G (Awesome Navy, 128 GB)",31349,33999,7,0,1325100,4.3,0
"REDMI Note 13 Pro+ 5G (Fusion White, 256 GB)",24898,33999,26,0,8909920,4.2,0
"Google Pixel 9 Pro XL (Porcelain, 256 GB)",124999,0,0,0,28920,4.6,0
"OPPO F27 5G (Emerald Green, 128 GB)",20999,26999,22,0,23715,4.2,0
"vivo Y27 (Sea Blue, 128 GB)",13999,18999,26,0,2538112,4.2,0
"ASUS ROG 5s (Phantom Black, 256 GB)",42990,63999,32,0,873119,4.0,0
"REDMI Note 13 Pro+ 5G (Fusion White, 512 GB)",31999,37999,15,0,6973667,4.2,0
"OPPO A77 (Sunset Orange, 128 GB)",11995,19999,40,0,128175,4.2,0
"Infinix Hot 11S (Polar Black, 64 GB)",7149,13999,48,0,518485373,4.3,0
"REDMI 12 5G (Moonstone Silver, 128 GB)",12149,15999,24,0,11762550,4.3,0
"Apple iPhone 15 Pro Max (White Titanium, 1 TB)",139999,174900,19,0,131376,4.6,0
"realme 13+ 5G (Victory Gold, 256 GB)",26999,29999,10,0,243,4.3,0
"realme NARZO N65 5G (DEEP GREEN, 128 GB)",12490,13999,10,0,39017,4.3,0
"SAMSUNG Galaxy M14 5G (Berry Blue, 128 GB)",13100,17990,27,0,6887364,4.2,0
"realme C53 (Champion Gold, 128 GB)",9999,11999,16,0,247141590,4.1,0
"vivo Y200 5G (Desert Gold, 256 GB)",21997,28999,24,0,2935203,4.4,0
"OnePlus Nord CE 2 Lite 5G (Black Dusk, 128 GB)",17190,19999,14,0,16297910834,4.4,0
"OnePlus Nord 3 5G (Misty Green, 128 GB)",23296,33999,31,0,134691100,4.3,0
"realme C11 2021 (Cool Blue, 32 GB)",7499,7999,6,0,23859410143,4.4,0
"realme C11 2021 (Cool Grey, 64 GB)",8999,9999,10,0,21295811236,4.3,0
"realme C11 2021 (Cool Grey, 32 GB)",7499,7999,6,0,23859410143,4.4,0
"Infinix Note 40 Pro+ 5G (Vintage Green, 256 GB)",21999,32999,33,0,1678134,4.2,0
"OnePlus Nord CE4 lite 5G (ULTRA ORANGE, 128 GB)",18825,20999,10,0,3257120,4.3,0
"Infinix Note 11 (Celestial Snow, 128 GB)",14499,16999,14,0,116301303,4.2,0
"Infinix Note 11 (Celestial Snow, 64 GB)",8124,14999,45,0,397184632,4.3,0
"Infinix Note 11 (Graphite Black, 64 GB)",12499,14999,16,0,397184632,4.3,0
MOTOROLA a 10e,1399,1599,12,0,13112,4.1,0
"realme C53 (Champion Gold, 128 GB)",11999,13999,14,0,1314735934,4.4,0
"vivo T2x 5G (Sunstone Orange, 128 GB)",12499,17999,30,0,1831669356,4.4,0
"vivo T2x 5G (Marine Blue, 128 GB)",14899,18999,21,0,43861423612,4.4,0
"OPPO A3 Pro 5G (Starry Black, 128 GB)",17999,20999,14,0,94542,4.3,0
"vivo T2x 5G (Marine Blue, 128 GB)",16980,20999,19,0,753224325,4.4,0
"OnePlus 11 5G (Eternal Green, 256 GB)",41988,61999,32,0,1668145,4.5,0
"vivo Y28e 5G (Vintage Red, 64 GB)",10999,14999,26,0,1123,4.3,0
"Infinix Hot 12 Pro (Electric Blue, 128 GB)",12999,15999,18,0,5807454,4.0,0
"vivo Y200 5G (Desert Gold, 128 GB)",24000,27999,14,0,2935203,4.4,0
"vivo Y28e 5G (Breeze Green, 64 GB)",10999,14999,26,0,1123,4.3,0
"OnePlus 11 5G (Titan Black, 128 GB)",36944,56999,35,0,96592,4.3,0
"Infinix Hot 12 Pro (Electric Blue, 64 GB)",7149,13999,48,0,12804712,4.2,0
"OnePlus 11R 5G (Galactic Silver, 128 GB)",30849,39999,22,0,8899650,4.5,0
"vivo T2x 5G (Aurora Gold, 128 GB)",14409,18999,24,0,43861423612,4.4,0
"Nokia 105 Single SIM, Keypad Mobile Phone with Wireless FM Radio",1242,1599,22,0,1170247147,4.0,0
"SAMSUNG Galaxy A23 (Black, 128 GB)",12950,23990,46,0,119769,4.2,0
"OPPO F27 Pro+ (Midnight Navy, 256 GB)",29999,34999,14,0,2365123,4.3,0
"Infinix Hot 12 Pro (Halo White, 64 GB)",7149,13999,48,0,12804712,4.2,0
"OnePlus N20 SE (JADE WAVE, 128 GB)",10750,19999,46,0,152656,4.1,0
"Infinix Hot 12 Pro (Lightsaber Green, 64 GB)",7149,13999,48,0,12804712,4.2,0
"REDMI Note 13 5G (Stealth Black, 128 GB)",15999,20999,23,0,164921002,4.2,0
"OnePlus Nord CE3 5G (Grey Shimmer, 128 GB)",19899,26999,26,0,10706856,4.4,0
"REDMI Note 13 5G (Prism Gold, 128 GB)",15999,20999,23,0,164921002,4.2,0
"SAMSUNG Galaxy M35 5G (DayBreak Blue, 128 GB)",18995,25999,26,0,1117,4.4,0
"SAMSUNG Galaxy M35 5G (Thunder Grey, 128 GB)",18995,25999,26,0,1117,4.4,0
"POCO C65 (Matte Black, 256 GB)",9499,13499,29,0,11385623,4.2,0
"OnePlus 10R (Forest Green, 128 GB)",25433,38999,34,0,7235437,4.3,0
"SAMSUNG Galaxy A23 5G (Light Blue, 128 GB)",23999,30990,22,0,124264,4.0,0
"Xiaomi 14 CIVI (Cruise Blue, 512 GB)",45999,59999,23,0,33633,4.4,0
"Samsung Galaxy S21 FE 5G with Snapdragon 888 (Olive, 256 GB)",27990,64999,56,0,14791913952,4.3,0
"REDMI 10 (Caribbean Green, 64 GB)",10999,14999,26,0,25840815155,4.3,0
hmd 110,1305,1799,27,0,473,3.4,0
"Xiaomi 14 (White, 512 GB)",59999,79999,25,0,661109,4.5,0
"SAMSUNG Galaxy F55 5G (Apricot Crush, 256 GB)",27299,34999,22,0,21920,3.8,0
"OPPO Reno 12 Pro 5G (Manish Malhotra Limited Edition, 256 GB)",36999,53999,31,0,1839130,4.4,0
"REDMI Note 13 Pro+ 5G (Fusion White, 256 GB)",29999,35999,16,0,6973667,4.2,0
"realme C11 2021 (Cool Blue, 64 GB)",8999,9999,10,0,21295811236,4.3,0
"Infinix Note 11 (Glacier Green, 64 GB)",8124,14999,45,0,397184632,4.3,0
"SAMSUNG Galaxy A35 5G (Awesome Iceblue, 256 GB)",34349,36999,7,0,1325100,4.3,0
"SAMSUNG Galaxy A15 5G (Blue, 256 GB)",19999,24499,18,0,1821130,4.2,0
"Infinix Note 11 (Glacier Green, 128 GB)",9424,16999,44,0,116301303,4.2,0
"SAMSUNG Galaxy M35 5G (Thunder Grey, 128 GB)",15435,24499,36,0,65532,4.3,0
"REDMI 12C (Matte Black, 64 GB)",8299,13999,40,0,270021448,4.2,0
"vivo T2x 5G (Aurora Gold, 128 GB)",13499,17999,25,0,1831669356,4.4,0
"SAMSUNG Galaxy M35 5G (Thunder Grey, 128 GB)",15435,24499,36,0,65532,4.3,0
"REDMI 12C (Matte Black, 64 GB)",8299,13999,40,0,270021448,4.2,0
"POCO M6 5G (Galactic Black, 128 GB)",9249,12999,28,0,584493003,4.1,0
"SAMSUNG Galaxy F55 5G (Raisin Black, 256 GB)",27299,34999,22,0,21920,3.8,0
"OnePlus 12R (Iron Grey, 256 GB)",41575,45999,9,0,2954183,4.5,0
"REDMI A3 (Olive Green, 128 GB)",8490,11999,29,0,94048,4.0,0
"REDMI 12C (Mint Green, 64 GB)",8299,13999,40,0,270021448,4.2,0
"SAMSUNG Galaxy M35 5G (Moonlight Blue, 128 GB)",15576,24499,36,0,65532,4.3,0
"Infinix Hot 12 Pro (Lightsaber Green, 128 GB)",8449,15999,47,0,5807454,4.0,0
"realme C53 (Champion Black, 128 GB)",11999,13999,14,0,1314735934,4.4,0
"IQOO Z9s 5G (Onyx Green, 128 GB)",22848,25999,12,0,1349,4.5,0
"Infinix Hot 12 Pro (Racing Black, 64 GB)",10999,13999,21,0,12804712,4.2,0
"Infinix Hot 12 Pro (Racing Black, 128 GB)",8449,15999,47,0,5807454,4.0,0
"OnePlus Nord CE 2 Lite 5G (Blue Tide, 128 GB)",18495,19999,7,0,16297910834,4.4,0
"SAMSUNG Galaxy S24 5G (Marble Gray, 128 GB)",62999,74999,16,0,1218142,4.5,0
"REDMI 10 Power (Sporty Orange, 128 GB)",14990,18999,21,0,6368339,4.2,0
"REDMI A3 (Midnight Black, 64 GB)",7490,9999,25,0,2640109,4.1,0
"realme C51 (Carbon Black, 64 GB)",8999,10999,18,0,897423738,4.3,0
"IQOO Z9 5G (Brushed Green, 256 GB)",22800,26999,15,0,2706150,4.4,0
"realme 12 5G (Twilight Purple, 128 GB)",17999,20999,14,0,2191118,4.3,0
"Xiaomi 14 CIVI (Aqua Blue, 512 GB)",46999,59999,21,0,33633,4.4,0
hmd 110,1298,1799,27,0,473,3.4,0
"realme Narzo 70 Pro 5G (Glass Gold, 256 GB)",24980,26999,7,0,4432287,4.3,0
"REDMI Note 13 Pro+ 5G (Fusion Black, 256 GB)",27999,33999,17,0,8909920,4.2,0
"REDMI A3 (Lake Blue, 128 GB)",8999,11999,25,0,94048,4.0,0
"OPPO A59 5G (Silk Gold, 128 GB)",13999,17999,22,0,108253,4.3,0
"realme C65 5G (Glowing Black, 128 GB)",13999,0,0,0,321,4.3,0
"OnePlus 11 5G (Eternal Green, 256 GB)",42633,61999,31,0,1668145,4.5,0
"REDMI 13C (Stardust Black, 128 GB)",8499,13999,39,0,16622681,4.2,0
"vivo Y28s 5G (Vintage Red, 128 GB)",15499,19999,22,0,1767,4.4,0
"Google Pixel 7 Pro (Obsidian, 128 GB)",44999,84999,47,0,6803852,4.3,0
"realme C30s (Stripe Black, 32 GB)",6870,9999,31,0,7085246,4.4,0
"Mi 11 Lite (Tuscany Coral, 128 GB)",16199,24999,35,0,132431423,4.2,0
"vivo Y18e (Space Black, 64 GB)",8475,11999,29,0,65121,4.2,0
"Xiaomi 14 (Jade Green, 512 GB)",59999,79999,25,0,661109,4.5,0
"vivo Y28s 5G (Twinkling Purple, 128 GB)",15499,19999,22,0,1767,4.4,0
"vivo Y28s 5G (Twinkling Purple, 128 GB)",16999,21999,22,0,351,4.2,0
"vivo Y28s 5G (Twinkling Purple, 128 GB)",13999,17999,22,0,192,4.3,0
"REDMI A3X (Olive Green, 128 GB)",7999,10999,27,0,451,4.2,0
"vivo Y28s 5G (Vintage Red, 128 GB)",16999,21999,22,0,351,4.2,0
"realme 13+ 5G (Victory Gold, 256 GB)",24999,27999,10,0,22415,4.4,0
"vivo Y18e (Gem Green, 64 GB)",11999,0,0,0,65121,4.2,0
"REDMI 13 5G (Orchid Pink, 128 GB)",13499,17999,25,0,5289197,4.2,0
"REDMI A3 (Midnight Black, 128 GB)",8999,11999,25,0,94048,4.0,0
"SAMSUNG Galaxy A23 5G (Silver, 128 GB)",23999,30990,22,0,124264,4.0,0
"SAMSUNG Galaxy A04 (Green, 128 GB)",8999,15999,43,0,946,3.9,0
"Google Pixel 8a (Bay, 128 GB)",43999,52999,16,0,1183132,4.1,0
"OPPO A79 5G (Mystery Black, 128 GB)",17499,22999,23,0,2414137,4.3,0
"OPPO A3 5G (Ocean Blue, 128 GB)",19999,0,0,0,1469,4.2,0
"realme 70 TURBO 5G (Turbo Green, 128 GB)",16135,19999,19,0,202,4.5,0
"POCO C51 (Power Black, 64 GB)",8499,9999,15,0,22973512377,4.0,0
"realme 70 TURBO 5G (Turbo Green, 128 GB)",17299,20999,17,0,110,4.5,0
"OnePlus 12R (Cool Blue, 256 GB)",42363,45999,7,0,2954183,4.5,0
"REDMI 13 5G (Hawaiian Blue, 128 GB)",13499,17999,25,0,5289197,4.2,0
"POCO C55 (Forest Green, 128 GB)",10999,13999,21,0,1429618383,4.2,0
"Infinix Note 11 (Graphite Black, 128 GB)",14499,16999,14,0,116301303,4.2,0
"POCO M6 5G (Polaris Green, 128 GB)",9249,12999,28,0,584493003,4.1,0
"REDMI 13 5G (Black Diamond, 128 GB)",13745,19999,31,0,108436,4.2,0
"realme 70 TURBO 5G (Turbo Purple, 128 GB)",17434,20999,16,0,110,4.5,0
"REDMI 12 (Moonstone Silver, 128 GB)",9499,14999,36,0,1063305580,4.3,0
oneme FLIP Z FM1,1700,1999,14,0,796,4.0,0
"OPPO A3 Pro 5G (Moonlight Purple, 128 GB)",17999,20999,14,0,94542,4.3,0
"realme C51 (Mint Green, 128 GB)",9499,11999,20,0,897423738,4.3,0
"Motorola g04s (Sunrise Orange, 64 GB)",6999,9999,30,0,206421128,4.2,0
"REDMI Note 13 Pro+ 5G (Fusion White, 256 GB)",27999,33999,17,0,8909920,4.2,0
"REDMI A2 (Sea Green, 64 GB)",5999,9999,40,0,16911869,4.1,0
"REDMI 12 5G (Jade Black, 256 GB)",14489,19999,27,0,310821814,4.2,0
"REDMI Note 11S (Horizon Blue, 128 GB)",13890,21999,36,0,1628133,4.2,0
"SAMSUNG Galaxy A35 5G (Awesome Navy, 256 GB)",34349,36999,7,0,1325100,4.3,0
"realme C55 (Sunshower, 128 GB)",13999,15999,12,0,326061800,4.4,0
"realme C55 (Rainy Night, 128 GB)",13999,15999,12,0,326061800,4.4,0
"realme C55 (Rainy Night, 64 GB)",10999,12999,15,0,1117486279,4.4,0
"realme C55 (Rainforest, 64 GB)",10999,12999,15,0,1117486279,4.4,0
"REDMI Note 13 Pro+ 5G (Fusion Black, 256 GB)",29999,35999,16,0,6973667,4.2,0
MOTOROLA A50G Dual Sim Keypad Phone|1750 mAh Battery|1.8inch Display|Expandable Upto 32GB,1649,1815,9,0,64846,4.1,0
"vivo V25 Pro 5G (Sailing Blue, 128 GB)",24700,35999,31,0,7549926,4.3,0
"OPPO A59 5G (Starry Black, 128 GB)",15445,19999,22,0,2377124,4.3,0
"REDMI 12 5G (Pastel Blue, 128 GB)",12499,17999,30,0,558992676,4.2,0
"REDMI 12 5G (Pastel Blue, 128 GB)",13900,17999,22,0,558992676,4.2,0
"REDMI 12 (Jade Black, 128 GB)",9499,14999,36,0,1063305580,4.3,0
"realme C55 (Sunshower, 64 GB)",10999,12999,15,0,1117486279,4.4,0
"realme C51 (Mint Green, 64 GB)",8999,10999,18,0,897423738,4.3,0
"Xiaomi 14 (Black, 512 GB)",59999,79999,25,0,661109,4.5,0
"OnePlus Nord CE3 5G (Aqua Surge, 128 GB)",18890,26999,30,0,10706856,4.4,0
"Google Pixel 9 Pro XL (Obsidian, 256 GB)",124999,0,0,0,28920,4.6,0
"Nokia 130 Music Dual Sim, Music Player, Wireless FM Radio and Dedicated Music Buttons",1845,2199,16,0,7897358,4.2,0
"SAMSUNG Galaxy A23 5G (Orange, 128 GB)",21999,28990,24,0,2696177,4.1,0
"Xiaomi 11T Pro 5G Hyperphone (Moonlight White, 256 GB)",25185,49999,49,0,26838,4.1,0
"SAMSUNG Galaxy M35 5G (DayBreak Blue, 256 GB)",22995,27499,16,0,1117,4.4,0
"REDMI A2+ (Classic Black, 64 GB)",7928,11999,33,0,3371164,4.1,0
"REDMI A2+ (?Aqua Blue, 64 GB)",8165,11999,31,0,3371164,4.1,0
"Infinix HOT 30i (Mirror Black, 128 GB)",9499,11999,20,0,1543358377,4.3,0
"Infinix HOT 30i (Diamond White, 128 GB)",9499,11999,20,0,1543358377,4.3,0
"Infinix HOT 30i (Marigold, 128 GB)",9499,11999,20,0,1543358377,4.3,0
"REDMI 12 5G (Jade Black, 128 GB)",12149,15999,24,0,11762550,4.3,0
"Google Pixel 8a (Obsidian, 128 GB)",43999,52999,16,0,1183132,4.1,0
"OnePlus Nord 4 5G (Oasis Green, 256 GB)",31927,32999,3,0,1667,4.6,0
"vivo Y36 (Meteor Black, 128 GB)",14999,21999,31,0,125962,4.3,0
"IQOO Z9SPRO 5G (Luxe Marble, 256 GB)",27914,31999,12,0,50,4.2,0
"OnePlus Nord 4 5G (Mercurial Silver, 256 GB)",31874,32999,3,0,1667,4.6,0
"REDMI A2+ (Aqua Blue, 128 GB)",8090,12499,35,0,3371164,4.1,0
"REDMI A2+ (Sea Green, 128 GB)",8225,12499,34,0,3371164,4.1,0
"SAMSUNG Galaxy M34 5G (Waterfall Blue, 128 GB)",14790,24531,39,0,2771185,4.2,0
"SAMSUNG Galaxy F04 (Jade Purple, 64 GB)",6999,11499,39,0,1119426194,4.2,0
"Infinix HOT 30i (Marigold, 64 GB)",8399,9999,16,0,289881595,4.2,0
"Infinix HOT 30i (Diamond White, 64 GB)",8399,9999,16,0,289881595,4.2,0
"Infinix HOT 30i (Mirror Black, 64 GB)",8399,9999,16,0,289881595,4.2,0
"Infinix HOT 30i (Glacier Blue, 128 GB)",11999,0,0,0,1543358377,4.3,0
"REDMI A2+ (Classic Black, 128 GB)",8300,12499,33,0,3371164,4.1,0
"vivo Y75 (Moonlight Shadow, 128 GB)",19990,25990,23,0,3418239,4.3,0
"REDMI 12 (Moonstone Silver, 128 GB)",8838,15999,44,0,569013622,4.2,0
"realme GT 6T 5G (Fluid Silver, 256 GB)",29614,35999,17,0,113772,4.5,0
"vivo T2 5G (Velocity Wave, 128 GB)",23999,0,0,0,1117607181,4.4,0
"OnePlus 10 Pro 5G (Emerald Forest, 128 GB)",39591,66999,40,0,68643,4.2,0
"Xiaomi 14 CIVI (Hot Pink, 512 GB)",46999,59999,21,0,33633,4.4,0
"vivo T2x 5G (Glimmer Black, 128 GB)",17099,18999,10,0,43861423612,4.4,0
"REDMI A3X (Ocean Green, 128 GB)",7999,10999,27,0,451,4.2,0
"vivo Y200 5G (Jungle Green, 128 GB)",23490,27999,16,0,2935203,4.4,0
"IQOO Z9S PRO 5G (Flamboyant Orange, 128 GB)",25199,29999,16,0,17412,4.7,0
"IQOO Z9S PRO 5G (Flamboyant Orange, 128 GB)",25199,29999,16,0,17412,4.7,0
"REDMI A3X (Ocean Green, 128 GB)",7999,10999,27,0,451,4.2,0
"Xiaomi 14 CIVI (Hot Pink, 512 GB)",46999,59999,21,0,33633,4.4,0
"vivo T2x 5G (Glimmer Black, 128 GB)",17099,18999,10,0,43861423612,4.4,0
"SAMSUNG Galaxy M14 5G (Berry Blue, 128 GB)",14287,18990,24,0,257611576,4.2,0
"SAMSUNG M05 (Mint Green, 64 GB)",7027,9999,29,0,130,2.8,0
"REDMI Note 13 Pro 5G (Arctic White, 256 GB)",23150,30999,25,0,208761731,4.3,0
"vivo Y200e 5G (Saffron Delight, 128 GB)",20999,25999,19,0,85446,4.3,0
"Google Pixel 8 Pro (Obsidian, 128 GB)",86999,106999,18,0,961114,4.4,0
"vivo Y200e 5G (Black Diamond, 128 GB)",20999,25999,19,0,85446,4.3,0
"Google Pixel 9 Pro XL (Rose Quartz, 256 GB)",124999,0,0,0,28920,4.6,0
"Google Pixel 7 Pro (Hazel, 128 GB)",44999,84999,47,0,6803852,4.3,0
"IQOO Z6 Lite 5G (With Charger) (Stellar Green, 128 GB)",14999,19999,25,0,8425476,4.3,0
"REDMI 10A (Slate grey, 64 GB)",8499,11999,29,0,14432709,4.2,0
"SAMSUNG Galaxy A55 5G (Awesome Iceblue, 256 GB)",43499,45999,5,0,29324,4.4,0
"realme Narzo N55 (Prime Blue, 64 GB)",10990,12999,15,0,2875158,4.3,0
"OnePlus Nord 4 5G (Obsidian Midnight, 256 GB)",35199,35999,2,0,711,4.5,0
TARAA Ferrari,1599,1999,20,0,70,4.0,0
"Infinix Hot 11S (Polar Black, 128 GB)",7799,14999,48,0,518485373,4.3,0
"REDMI 12 (Pastel Blue, 128 GB)",9499,14999,36,0,1063305580,4.3,0
"SAMSUNG Galaxy A25 5G (Blue Black, 128 GB)",20500,28499,28,0,726,4.3,0
"REDMI 12 5G (Pastel Blue, 128 GB)",12149,15999,24,0,11762550,4.3,0
"Tecno Spark Go 2024 (Alpenglow Gold, 64 GB)",7199,7999,10,0,112547,4.3,0
"vivo Y28s 5G (Vintage Red, 128 GB)",13999,17999,22,0,192,4.3,0
"REDMI 13C (Starfrost White, 128 GB)",9490,11999,20,0,504972160,4.3,0
"OPPO A59 5G (Silk Gold, 128 GB)",15269,18999,19,0,2377124,4.3,0
"vivo Y16 (Steller Black, 64 GB)",10999,13999,21,0,3201159,4.2,0
"OnePlus 12 (Flowy Emerald, 512 GB)",64979,69999,7,0,116999,4.6,0
"OnePlus 12 (Silky Black, 256 GB)",60999,64999,6,0,101575,4.6,0
"REDMI 12 5G (Jade Black, 128 GB)",13290,17999,26,0,558992676,4.2,0
"OnePlus 12 (Flowy Emerald, 256 GB)",60999,64999,6,0,101575,4.6,0
"SAMSUNG Galaxy S24 5G (Amber Yellow, 512 GB)",77999,89999,13,0,1218142,4.5,0
"Apple iPhone 16 (Ultramarine, 128 GB)",79900,0,0,0,88020,4.6,0
"IQOO Z6 Lite 5G (With Charger) (Mystic Night, 128 GB)",14980,19999,25,0,8425476,4.3,0
"OnePlus Nord 3 5G (Tempest Gray, 128 GB)",25990,33999,23,0,134691100,4.3,0
"Motorola edge 30 (Aurora Green, 128 GB)",17499,30999,43,0,124491555,4.1,0
"Google Pixel 8 Pro (Bay, 128 GB)",86999,106999,18,0,961114,4.4,0
"Google Pixel 8 Pro (Obsidian, 256 GB)",93999,113999,17,0,961114,4.4,0
"REDMI A3X (Midnight Black, 128 GB)",7999,10999,27,0,451,4.2,0
"Mi 11 Lite (Jazz Blue, 128 GB)",13989,25999,46,0,6358635,4.2,0
"vivo Y16 (Steller Black, 128 GB)",16999,0,0,0,8106433,4.3,0
LAVA A1 Josh BOL Keypad Mobile|1000 mAh Battery|Expandable Storage 32GB,939,1399,32,0,9972434,4.0,0
"MOTOROLA G04 (Sea Green, 128 GB)",5599,10999,49,0,6820525,4.2,0
"vivo T2 5G (Nitro Blaze, 128 GB)",17999,24999,28,0,195291320,4.3,0
"REDMI Note 11 (Horizon Blue, 64 GB)",10999,17998,38,0,2893202,4.2,0
"vivo Y200 Pro 5G (Silk Green, 128 GB)",24999,0,0,0,24312,4.4,0
"vivo Y16 (Steller Black, 32 GB)",8990,13999,35,0,3201159,4.2,0
"SAMSUNG Galaxy M04 (Light Green, 64 GB)",9999,11999,16,0,12596687,4.1,0
"vivo Y16 (Drizzling Gold, 32 GB)",8890,13999,36,0,3201159,4.2,0
"SAMSUNG Galaxy S22 5G (Phantom Black, 128 GB)",37599,85999,56,0,201701646,4.4,0
"realme Narzo N53 (Feather Gold, 128 GB)",11499,13999,17,0,200698,4.2,0
"Google Pixel 8a (Aloe, 128 GB)",43999,52999,16,0,1183132,4.1,0
"realme GT 5G (Dashing Silver, 128 GB)",18999,40999,53,0,1296163,4.2,0
"Apple iPhone 15 (Yellow, 256 GB)",67999,79900,14,0,1215343945,4.6,0
"realme Narzo N53 (Feather Black, 128 GB)",12999,0,0,0,5054250,4.2,0
"realme Narzo N53 (Feather Black, 64 GB)",9499,10999,13,0,9471466,4.2,0
"REDMI 10 (Midnight Black, 128 GB)",12999,16999,23,0,489433087,4.2,0
"Nothing Phone (2) (Dark Grey, 256 GB)",37999,54999,30,0,192692217,4.4,0
"OnePlus Nord 4 5G (Mercurial Silver, 256 GB)",34999,35999,2,0,711,4.5,0
"vivo Y17s (Glitter Purple, 128 GB)",11928,16999,29,0,119963,4.3,0
"OnePlus 12 (Glacial White, 256 GB)",59999,64999,7,0,101575,4.6,0
"Nothing Phone (2) (White, 256 GB)",37999,54999,30,0,192692217,4.4,0
"Nokia 105 Single SIM, Keypad Mobile Phone with Wireless FM Radio",1598,1599,0,0,1170247147,4.0,0
"SAMSUNG Galaxy A06 (Gold, 64 GB)",9999,11499,13,0,51,4.2,0
"SAMSUNG Galaxy S24 Ultra 5G (Titanium Black, 256 GB)",121999,134999,9,0,2081255,4.6,0
"IQOO Z9S 5G (Titanium Matte, 256 GB)",25999,27999,7,0,1349,4.5,0
TARAA Ferrari,1599,1999,20,0,70,4.0,0
"Apple iPhone 16 (Black, 128 GB)",79900,0,0,0,88020,4.6,0
"vivo Y28e 5G (Vintage Red, 128 GB)",12488,15999,21,0,1123,4.3,0
"IQOO IQOOZ7PRO (Lagoon Blue, 128 GB)",21377,22999,7,0,12910,4.2,0
"vivo Y28e 5G (Breeze Green, 128 GB)",12499,15999,21,0,1123,4.3,0
"Nothing Phone (2) (White, 128 GB)",36999,49999,26,0,2865309,4.4,0
"SAMSUNG Galaxy A03 Core (Bronze, 32 GB)",7799,10129,23,0,4782332,4.1,0
"realme 12x 5G (Woodland Green, 128 GB)",11999,16999,29,0,11583738,4.1,0
"Motorola g64 5G (Pearl Blue, 128 GB)",14999,17999,16,0,316581995,4.2,0
"POCO X3 (Cobalt Blue, 64 GB)",12990,19999,35,0,25735824283,4.3,0
"vivo Y21G (Diamond Glow, 64 GB)",11290,17990,37,0,2450168,4.4,0
"Nokia 130 Music Dual Sim, Music Player, Wireless FM Radio and Dedicated Music Buttons",2194,2199,0,0,7897358,4.2,0
"Motorola e13 (Cosmic Black, 64 GB)",10999,0,0,0,1043787787,4.1,0
"realme 70 TURBO 5G (Turbo Yellow, 256 GB)",20974,23999,12,0,30,4.3,0
"IQOO Z7 Pro 5G (Blue Lagoon, 128 GB)",20999,26999,22,0,7709470,4.4,0
"IQOO Z7 Pro 5G (Blue Lagoon, 256 GB)",22299,27999,20,0,7709470,4.4,0
"realme 70 TURBO 5G (Turbo Purple, 256 GB)",21999,23999,8,0,30,4.3,0
"REDMI Note 13 Pro+ 5G (Fusion Purple, 256 GB)",25580,33999,24,0,8909920,4.2,0
"realme 10 Pro+ 5G (Hyperspace, 128 GB)",24999,25999,3,0,351032938,4.4,0
"vivo T1 Pro 5G (Turbo Black, 128 GB)",19789,30990,36,0,211351964,4.4,0
"REDMI 12C (Royal Blue, 128 GB)",8985,14999,40,0,270021448,4.2,0
"Apple iPhone 16 (Teal, 128 GB)",79900,0,0,0,88020,4.6,0
"POCO C65 (Pastel Blue, 256 GB)",9499,13499,29,0,11385623,4.2,0
"REDMI Note 13 Pro+ 5G (Fusion White, 512 GB)",28814,37999,24,0,6973667,4.2,0
"Tecno Spark 10 5G (Meta Black, 128 GB)",10999,15999,31,0,29518,4.1,0
"REDMI 12 (Jade Black, 128 GB)",9399,14999,37,0,1063305580,4.3,0
"realme C25s (Watery Grey, 128 GB)",9999,11999,16,0,534803009,4.4,0
"realme Narzo N65 5G (Deep Green, 128 GB)",13499,13999,3,0,39017,4.3,0
"SAMSUNG Galaxy A54 5G (Awesome Lime, 128 GB)",29499,41999,29,0,3588321,4.3,0
"REDMI Note 13 Pro+ 5G (Fusion Purple, 256 GB)",29999,35999,16,0,6973667,4.2,0
"Apple iPhone 16 (White, 128 GB)",79900,0,0,0,88020,4.6,0
"OnePlus N20 SE (CELESTIAL BLACK, 64 GB)",10750,16999,36,0,152656,4.1,0
"POCO M4 Pro (Cool Blue, 64 GB)",8999,17999,50,0,18861415820,4.3,0
itel it5330 | 2.8 inch Big Display | 1900 mAh Battery | Kingvoice,1410,1799,21,0,4835248,4.0,0
"vivo Y17s (Forest Green, 64 GB)",9499,15999,40,0,119963,4.3,0
"vivo T1 Pro 5G (Turbo Cyan, 128 GB)",22499,30990,27,0,211351964,4.4,0
"SAMSUNG Galaxy A34 5G (Awesome Lime, 128 GB)",35499,0,0,0,6807552,4.2,0
"Motorola e22s (Arctic Blue, 64 GB)",8999,10999,18,0,70841,4.0,0
"Motorola g64 5G (Ice Lilac, 128 GB)",14999,17999,16,0,316581995,4.2,0
"POCO M4 Pro (Yellow, 128 GB)",11990,19999,40,0,18861415820,4.3,0
"OnePlus 12R (Iron Gray, 256 GB)",44989,46999,4,0,5633380,4.5,0
itel it5330 | 2.8 inch Big Display | 1900 mAh Battery | Kingvoice,1395,1799,22,0,4835248,4.0,0
"REDMI Note 13 Pro 5G (Coral Purple, 256 GB)",24999,30999,19,0,208761731,4.3,0
"SAMSUNG Galaxy F04 (Opal Green, 64 GB)",8490,11499,26,0,1119426194,4.2,0
"REDMI 10 (Sunrise Orange, 64 GB)",8195,14999,45,0,25840815155,4.3,0
"vivo Y75 (Dancing waves, 128 GB)",17350,25990,33,0,3418239,4.3,0
"Redmi 5A (Blue, 16 GB)",5999,0,0,0,1230564149845,4.5,0
"vivo Y56 5G (Orange Shimmer, 128 GB)",17999,24999,28,0,4504289,4.3,0
"realme 10 Pro+ 5G (Dark Matter, 128 GB)",24999,25999,3,0,351032938,4.4,0
"vivo Y56 5G (Black Engine, 128 GB)",17999,24999,28,0,4504289,4.3,0
"REDMI 12C (Lavender Purple, 128 GB)",8990,14999,40,0,270021448,4.2,0
"SAMSUNG Galaxy A05s (Light Green, 128 GB)",11982,17499,31,0,1187,4.3,0
"vivo T1 44W (Starry Sky, 128 GB)",14499,19990,27,0,1158267331,4.5,0
"POCO M3 Pro 5G (Yellow, 64 GB)",10990,16999,35,0,649074888,4.3,0
"Tecno Camon 20 (Serenity Blue, 256 GB)",12999,17999,27,0,52236,4.2,0
"vivo T1 44W (Starry Sky, 128 GB)",14499,19990,27,0,1158267331,4.5,0
"SAMSUNG Galaxy A14 5G (Dark Red, 128 GB)",10999,20999,47,0,16569723,4.2,0
"OPPO A3x 5G (Starlight White, 128 GB)",13499,15999,15,0,60025,4.1,0
"vivo V23 Pro 5G (Sunshine Gold, 128 GB)",29990,41999,28,0,4166419,4.3,0
"REDMI A3 (Olive Green, 128 GB)",9000,10999,18,0,141258,4.2,0
"REDMI A2+ (Sea Green, 64 GB)",8999,11999,25,0,3371164,4.1,0
VOYX Troy Keypad Mobile Phone,849,1999,57,0,31,3.7,0
"Motorola G60 (Soft Silver, 128 GB)",10499,21999,52,0,788597693,4.1,0
"POCO X6 Neo 5G (Horizon Blue, 256 GB)",15999,21999,27,0,10565765,4.1,0
"SAMSUNG Galaxy A06 (Black, 64 GB)",9999,11499,13,0,51,4.2,0
"MOTOROLA razr 40 (Sage Green, 256 GB)",44999,99999,55,0,715,4.0,0
"realme GT Neo 3 (Asphalt Black, 128 GB)",24990,38999,35,0,1743227,4.2,0
"Google Pixel 7 (Obsidian, 128 GB)",36999,59999,38,0,165931895,4.3,0
"REDMI 10 (Midnight Black, 64 GB)",8495,14999,43,0,25840815155,4.3,0
"REDMI 10A SPORT (SEA BLUE, 128 GB)",8454,13999,39,0,161489,4.1,0
"vivo Y28 5G (Crystal Purple, 128 GB)",15420,16999,9,0,76135,4.3,0
"realme C35 (Glowing Black, 128 GB)",9395,14999,37,0,19862410520,4.4,0
"REDMI Note 10 Pro Max (Glacial Blue, 128 GB)",19999,22999,13,0,179461305,4.3,0
"OPPO A3x 5G (Sparkle Black, 64 GB)",14999,0,0,0,60025,4.1,0
"POCO C51 (Royal Blue, 128 GB)",8999,10999,18,0,12468634,4.1,0
"REDMI Note 13 Pro+ 5G (World Champions Edition, 512 GB)",34999,44999,22,0,6973667,4.2,0
"REDMI Note 13 Pro+ 5G (Fusion Black, 512 GB)",29410,37999,22,0,6973667,4.2,0
"Apple iPhone 15 (Blue, 512 GB)",88249,99900,11,0,1215343945,4.6,0
