Product Name,Price,Ratings,Watchers,Country,Discount,Shipping Price,Condition,Seller Name,Seller Sold Products,Seller Ratings
Shop on eBay,2000,Not available,Not available,Not available,Not available,0,Brand New,Not available,0,Not available
Shop on eBay,2000,Not available,Not available,Not available,Not available,0,Brand New,Not available,0,Not available
Owala 32/24/19 oz. FreeSip Vacuum Insulated Stainless Steel Water Bottle,22993099,Not available,Not available,from China,Not available,0,Brand New,sifchard,4,100%
Large capacity portable sports water bottle stainless steel vacuum insulated cup,33324080,Not available,Not available,from China,Not available,135,Brand New,hrsue34yg,16,90%
1L Sports Water Bottle Gym Travel Drinking Leakproof Bottle with Straw Bpa Free,1179,Not available,Not available,from United Kingdom,Not available,1048,Brand New,cpt_online,12235,99.4%
Owala 32/24/19 oz. FreeSip Vacuum Insulated Stainless Steel Water Bottle,22993099,Not available,Not available,from China,Not available,0,Brand New,chaolaij2022,43,92.2%
Nalgene Tritan Wide Mouth 32 oz. Water Bottle,1699,20 product ratings,Not available,from United States,Not available,845,Brand New,forzasports,610646,99.3%
Owala 24oz FreeSip Stainless Steel Water Bottle Insulated Sports Travel Bottle,22282670,Not available,Not available,from China,Not available,0,Brand New,wucha_82,430,75.6%
Owala Stainless Steel Water Bottle - Leak Proof - White - 710ml - BNWT,1966,Not available,Not available,from United Kingdom,Not available,6174,Brand New,theislandhut,5168,99.8%
Owala 32/24/19 oz. FreeSip Vacuum Insulated Stainless Steel Water Bottle,27993099,Not available,Not available,from China,Not available,0,Brand New,zx1921,2246,96.3%
Owala 32/24/19 oz. FreeSip Vacuum Insulated Stainless Steel Water Bottle NEW,22993099,Not available,Not available,from China,Not available,0,Brand New,greengr68,41,95.6%
Sports Water Bottles [750ml] - 10x COLOURS - Cycling Bottle/Sports Bottles,65416391,Not available,Not available,from United Kingdom,Not available,6557,Brand New,networldsports,58873,98.7%
Sports Water Bottle Gym 1L Travel with Filter Leakproof Drinking Bottle BPA Free,1048,Not available,Not available,from United Kingdom,Not available,4822,Brand New,mrgadgets01,3617,98.9%
Nalgene Sustain 16 oz. Tritan Wide Mouth Water Bottle,1399,4 product ratings,Not available,from United States,7% off,670,Brand New,forzasports,610646,99.3%
Owala 32/24/19 oz. FreeSip Vacuum Insulated Stainless Steel Water Bottle,22993099,Not available,Not available,from China,Not available,0,Brand New,meeting,73,84.8%
1 L Sports Water Bottle Gym Drinking Leakproof Bottle with Straw Large Capacity,838931,Not available,Not available,from China,Not available,0,Brand New,redplumly3,10115,98.6%
Water Bottle Stainless Steel Metal with Straw Filter BPA Free GYM School 2 Lids,13101572,Not available,Not available,from United Kingdom,Not available,5294,Brand New,mrgadgets01,3617,98.9%
Hot/Cold Water Bottle Double Wall Thermal Flask Stainless Steel Thermos 0.6-1.6L,17022489,Not available,Not available,from United Kingdom,Not available,2490,Brand New,kimuklimited,3144,97.3%
ROCKBROS Insulated Water Bottle Stainless Steel Metal Cool Sports 18/22/32/40OZ,17852255,Not available,Not available,from United States,6% off,5775,Brand New,rockbrosusa,14713,99.3%
Owala 24 oz. FreeSip Vacuum Insulated Stainless Steel Water Bottle,2799,Not available,Not available,from United States,Not available,1953,Brand New,forzasports,610646,99.3%
Nalgene Sustain 32 oz. Wide Mouth Water Bottle,16991725,Not available,Not available,from United States,Not available,845,Brand New,forzasports,610646,99.3%
Contigo 24 oz. Cortland Chill 2.0 Vacuum Insulated Stainless Steel Water Bottle,26753175,Not available,Not available,from United States,Not available,1953,Brand New,forzasports,610646,99.3%
Contigo 24 oz. Cortland 2.0 Tritan Water Bottle with AutoSeal Lid,1850,Not available,Not available,from United States,Not available,904,Brand New,forzasports,610646,99.3%
200ml Mini Drinking Water Bottle BPA Free Plastic Water Cup Portable Reusable,514,Not available,Not available,from China,Not available,0,Brand New,treelight2016,56610,98.7%
40oz BLACK Hydro Flask Water Bottle Stainless Steel Wide Mouth with Straw lid,2199,Not available,Not available,from United States,Not available,3222,Brand New,wheelsplusmore,1637,100%
Nalgene HDPE Plastic Ultralight Narrow Mouth Water Bottle - Clear,10751175,3 product ratings,Not available,from United States,Not available,611,Brand New,forzasports,610646,99.3%
1 Gallon Water Bottle w Insulated Storage Sleeve 128 oz Stainless Steel Growler,7999,Not available,215 watchers,from United States,Not available,6685,Brand New,encorecorp,99271,98.9%
Coleman 24 oz. Free Flow Autoseal Insulated Stainless Steel Water Bottle,3150,Not available,Not available,from United States,Not available,1953,Brand New,forzasports,610646,99.3%
"Stainless Steel Vacuum Insulated Double Wall Water Bottle 20oz, 32oz or 40oz",16982990,Not available,Not available,from Australia,Not available,4080,Brand New,cyclingdeal,209838,99.6%
Large Stainless Steel Water Bottle Insulated with Wide Mouth and BPA-Free Lid,34684760,Not available,Not available,from Australia,Not available,5012,Brand New,living_sense,3932,99%
NEW Owala 32/24/19 OZ. FreeSip Vacuum Insulated Stainless Steel Water Bottle,27993099,Not available,Not available,from China,Not available,0,Brand New,draweater,717,95.7%
Sports Motivational Drinking Water Bottle With Time Marker 32 Oz BPA Free,1299,Not available,Not available,from United States,Not available,2652,Brand New,leidron,544,98.2%
High Quality Owala 32/24/19 oz.Vacuum Insulated Stainless Steel Water Bottle NEW,27993099,Not available,Not available,from China,Not available,0,Brand New,draweater,717,95.7%
Double Wall Stainless Steel Water Bottle Vacuum Insulated Black Thermos Flask,16991835,Not available,Not available,from Australia,Not available,2530,Brand New,living_sense,3932,99%
Thermos 12 oz. Kid's Funtainer Vacuum Insulated Stainless Steel Water Bottle,17502225,Not available,Not available,from United States,Not available,1079,Brand New,forzasports,610646,99.3%
Coleman 40 oz. FreeFlow Autoseal Vacuum Insulated Stainless Steel Water Bottle,3599,10 product ratings,Not available,from United States,Not available,2186,Brand New,forzasports,610646,99.3%
Nalgene Sustain 32 oz. Narrow Mouth Water Bottle,1699,2 product ratings,Not available,from United States,Not available,845,Brand New,forzasports,610646,99.3%
"Ion8 Leak Proof Slim Water Bottle, Stainless Steel, Lockable Lid, 600ml",1572,Not available,Not available,from United Kingdom,Not available,7723,Brand New,aydyaltd,13148,99.5%
GATORADE Squeeze Water Bottle 32 OZ (6 Pack),3295,Not available,Not available,from United States,Not available,1690,Brand New,impextx,144,97.9%
300/400/500ml Light weight Practical Plastic Water Cup Drinking Bottle New,456507,Not available,Not available,from China,5% off,0,Brand New,spinkallane1818,2633,97%
Waterproof Water Bottle Holder Crossbody Water Bottle Purse  Hiking,1049,Not available,Not available,from China,Not available,54,Brand New,bestfangwei,16575,97.8%
Stainless Steel Water Bottle Double Wall Vacuum Insulated Sports Gym Metal Flask,2109,Not available,7 watchers,from China,9% off,159,Brand New,wiree221,86,97.8%
"Water Bottle, with Straw 32 Oz 3 Lid Multi-Size Vacuum Insulated For Cold & Hot",1299,Not available,Not available,from United States,Not available,5010,Brand New,kuchee,593,97.4%
Nalgene Sustain 16 oz. Wide Mouth Water Bottle,1499,Not available,16+ watchers,from United States,Not available,670,Brand New,forzasports,610646,99.3%
Large Stainless Steel Water Bottle Vacuum Insulated Double Wall Thermos Sports,30604760,Not available,Not available,from Australia,Not available,5012,Brand New,living_sense,3932,99%
NWT Owala 32oz Water Bottle Urban Outfitter Exclusive Tea Time Rosebud Floral,6499,Not available,42 watchers,from United States,Not available,2849,Brand New,concordsf,387,100%
24 oz Stainless Steel Water Bottle With Straw And Spout Lid Sports Flask Black,1289,Not available,Not available,from United States,Not available,2696,Brand New,abdnow,22929,99.3%
Motivational Water Bottle BPA Free 3.8L/128oz Jug w/Straw and Time Tracker Gym,999,Not available,Not available,from United States,Not available,2687,Brand New,cchproduc1985,2078,99.3%
ZOJIRUSHI Water Bottle Direct Drinking  Stainless Mug 600ml Navy SM-SF60-AD,3282,Not available,Not available,from Japan,Not available,0,Brand New,kabukicatjapan,20963,96.8%
Nalgene Wide Mouth Round Loop-Top Water Bottle - 16 oz.,1075,Not available,4 watchers,from United States,Not available,611,Brand New,forzasports,610646,99.3%
Nalgene Wide Mouth Water Bottle Replacement Cap,799875,4 product ratings,Not available,from United States,Not available,494,Brand New,forzasports,610646,99.3%
ROCKBROS Water Bottle MTB Road Bike Multicolored Bottle Insulated Kettle 620ml,1570,Not available,Not available,from China,Not available,0,Brand New,cbrsports2020,9357,99.7%
1000ML Water Bottle Carrier Insulated Cover Bag Holder Strap Pouch Outdoor - UK,492616,Not available,Not available,from China,5% off,0,Brand New,duoha-9,3644,97%
Owala 16oz Kids' FreeSip Stainless Steel Water Bottle - Black,1999,Not available,Not available,from United States,Not available,2672,Brand New,owlettenterprises,1736,99.9%
THERMOS Water Bottle Vacuum Insulated Sports Bottle 1L Midnight Blue Cold Storag,4086,Not available,Not available,from Japan,Not available,0,Brand New,tent_jp_amg,199,99.5%
1L SQUARE ARMY WATER BOTTLE TACTICAL MILITARY DRINK FLASK BPA FREE,677,Not available,Not available,from Australia,Not available,1221,Brand New,sfor8673,19336,100%
Stainless Steel Double Walled Water Bottle for Hot & Cold Drinks 350ML,1048,Not available,Not available,from United Kingdom,Not available,5286,Brand New,pdsolutions123,4303,99%
Nalgene Sustain 32 oz. Tritan Narrow Mouth Water Bottle,1699,13 product ratings,Not available,from United States,Not available,787,Brand New,forzasports,610646,99.3%
Personalised 40 oz Cup Straw Lid Insulated Steel Water Bottle (stanley style),2097,Not available,Not available,from United Kingdom,Not available,5321,Brand New,spokengifts,24072,99.7%
Stainless Steel Water Bottle Vacuum Insulated Double Wall Sports Thermos Gym,16992039,Not available,Not available,from Australia,Not available,2530,Brand New,living_sense,3932,99%
Avocado Water Bottle 304 Stainless Steel 500ml Double Wall Vacuum Sports Jug,1498,Not available,Not available,from China,8% off,67,Brand New,home_garden365,86873,98.4%
Nalgene MultiDrink Water Bottle Replacement Cap - Gray,1199,Not available,Not available,from United States,Not available,611,Brand New,forzasports,610646,99.3%
610ML MTB Bicycle Water Bottle Portable Kettle Drink Bottle for Outdoor Cycling,680689,Not available,Not available,from China,8% off,0,Brand New,advanced-mall,12980,96.6%
Nalgene Sustain 32 oz. Tritan Oasis Water Canteen,1525,Not available,40+ watchers,from United States,Not available,787,Brand New,forzasports,610646,99.3%
Nike Refuel Water Bottle 18oz Sports Bottle Black New!,1698,Not available,Not available,from United Kingdom,Not available,7073,Brand New,dant2701,4063,99.3%
Outdoor Nylon Tactical Molle Water Bottle Cup Carrier Bag Holder Pouch Military,9601164,Not available,Not available,from China,Not available,0,Brand New,encounterlei,3557,98%
MANGO Water Bottle 2.2 Litre BPA Free Sports Gym Workout Drinking with Straw,1153,Not available,Not available,from United Kingdom,Not available,7054,Brand New,wellmadegifts,27966,99.8%
Bike Bottle Holder Water Cup Rack Bicycle Bottle Holder Drink Bottle Holder,298304,Not available,Not available,from China,Not available,40,Brand New,franciscal,634,97.7%
Nalgene Sustain 16 oz. Narrow Mouth Water Bottle,14991899,Not available,Not available,from United States,Not available,670,Brand New,forzasports,610646,99.3%
Yeti Rambler 36oz Water Bottle With Chug Cap RETIRED COLOR Camp Green NWTs,7250,Not available,9 watchers,from United States,Not available,6725,Brand New,outdoortrailshop,141,99.3%
Contigo 32 oz. Jackson Chill 2.0 Vacuum Insulated Stainless Steel Water Bottle,2675,Not available,Not available,from United States,Not available,2099,Brand New,forzasports,610646,99.3%
(black) Bicycle Water Bottle Bike Water Bottle Sports Water Bottle 610ml,678,Not available,6 watchers,from China,Not available,523,Brand New,time_is_friend168,40342,98.6%
Blender Bottle Halex 32 oz. Squeeze Sport Water Bottle,13991499,Not available,2+ watchers,from United States,Not available,787,Brand New,forzasports,610646,99.3%
Folding Soft Flask Collapsible Water Bag Sport Water Bottle  Running Camping,481928,Not available,3+ watchers,from China,Not available,54,Brand New,engfengia,469,97.3%
Nalgene Silo Sustain 48 oz. Wide Mouth Water Bottle,1999,Not available,Not available,from United States,Not available,904,Brand New,forzasports,610646,99.3%
Contigo 24 oz. Ashland Chill 2.0 Vacuum Insulated Stainless Steel Water Bottle,2675,Not available,Not available,from United States,Not available,1953,Brand New,forzasports,610646,99.3%
Insulated Stainless Steel Water Bottle Vacuum Flask Tumbler Thermos Cup,14491731,Not available,Not available,from China,Not available,54,Brand New,bullewellstoe,2930,97.3%
Vintage 1950's Style Bicycle Aluminium Drinks Water Bottle with Cork L'Eroica,1305,Not available,Not available,from United Kingdom,Not available,1259,Brand New,veloheaven,26855,100%
2pk YETI Rambler 18oz Water Bottle w Straw Cap Big Wave Blue(T8),4999,1 product rating,Not available,from United States,Not available,5119,Brand New,supply-77,18167,99.5%
0.5-1L Stainless Steel Water Drink Bottles Cup Travel Sport Camping Cycling,11491325,Not available,Not available,from China,Not available,0,Brand New,au_mart,14778,98.9%
Slimcrystal Slimming Water bottle W/Bracelet&CrystalsðŸ’¯GENUINE FREE SLIMMING TEA,9000,Not available,Not available,from United States,Not available,2923,Brand New,clermont-0,3288,98.6%
Bamboo Insulated Water Bottle 304 Stainless Steel Office Cup  Coffee,10351222,Not available,Not available,from China,Not available,90,Brand New,beanbudoib,4801,97.9%
Sistema Hydrate Tritan Bottle Water Juice Drinks School Work Gym 800ml BPA Free,1703,Not available,Not available,from United Kingdom,Not available,1966,Brand New,edealzonline,8814,99.5%
Yeti Rambler 18 oz Water Bottle With Chug Cap - Free Shipping,3419,Not available,Not available,from United States,5% off,2759,New (Other),treasure_isle,1894,99.5%
1 X Bike Bicycle Water Bottle and Holder Cage Cycling Drink Bottle 750ml;,804,Not available,Not available,from China,Not available,54,Brand New,confertilot,6965,97%
300/400/500ml Student Light Weight Practical Plastic Water Cup Drinking Bottle,471615,Not available,Not available,from China,Not available,392,Brand New,jiache-71,2263,97.6%
ZOJIRUSHI Water Bottle One Touch Stainless Steel Mug 0.2L Beige SM-PD20-CM,3258,Not available,Not available,from Japan,Not available,0,Brand New,be9innin9.japan,2412,99.6%
Hot Water Bottle With Cover Luxury Soft Fluffy 2L High Quality Rubber Fur Gift,523695,Not available,Not available,from China,Not available,0,Brand New,makeupdiarys6,21201,96.5%
Monkii Clip + Monkii Cage Water Bottle Holder Solution for Brompton(Free Parable,5800,Not available,5 watchers,from Taiwan,Not available,0,Brand New,bikegang,2631,97.1%
"Gatorade Stainless Steel Sport Bottle, 26oz, Double-Wall Insulation - New",2375,Not available,Not available,from United States,Not available,8217,Brand New,palko_products,206,100%
Elite Crono CX  Aero Water Bottle and Cage - 500ml,3277,1 product rating,Not available,from United Kingdom,Not available,4898,Brand New,highonbikes,602033,99.9%
Owala FreeSip Stainless Steel Water Bottle / 24oz / Color: Hulk,8000,Not available,11 watchers,from United States,Not available,7855,Brand New,b.becky.sells,221,100%
Nalgene Sustain 24 oz. Tritan On the Fly Water Bottle,1699,Not available,Not available,from United States,6% off,787,Brand New,forzasports,610646,99.3%
Bike Cup Holder Cycling Water Bottle Cage Beverage Mount Drink Bicycle Handlebar,799,Not available,Not available,from China,20% off,0,Brand New,us_store_999,483,97.8%
YETI Yonder Tether 1L Water Bottle Seafoam,3230,Not available,2 watchers,from United Kingdom,Not available,1049,Brand New,premiumdiscountbrands,242,99.4%
16 Oz Outdoor Sports Water Bottles Stainless Steel with Straw Vacuum Insulated,1295,Not available,Not available,from United States,Not available,2652,Brand New,butrad-0,10392,98.9%
Pathfinder School Canteen Bottle NEW,2800,Not available,2 watchers,from United States,Not available,3600,New (Other),combatreadyguy,2633,99.6%
Contigo Kid's 14 oz. AutoSpout Straw Water Bottle with Easy-Clean Lid,1750,Not available,Not available,from United States,Not available,787,Brand New,forzasports,610646,99.3%
NALGENE SUSTAIN NARROW MOUTH WATER BOTTLE BPA FREE BPS FREE 1L/32oz MADE IN USA,2649,Not available,Not available,from Australia,Not available,881,Brand New,sfor8673,19336,100%
Stainless Steel Water Bottle Cycling Wide Mouth Metal Sports & Gym Drink Flask,9421144,Not available,Not available,from China,9% off,798,Brand New,denrua,268,95%
1L ARMY WATER BOTTLE TACTICAL MILITARY DRINK FLASK BPA / BPS FREE,6771285,Not available,Not available,from Australia,Not available,1153,Brand New,sfor8673,19336,100%
Contigo 24 oz. Jackson Chill 2.0 Vacuum Insulated Stainless Steel Water Bottle,2499,Not available,Not available,from United States,Not available,1953,Brand New,forzasports,610646,99.3%
Glass Water Bottles 16 Oz / 470ml Glass Drinking Bottle 6 Pack Juice Bottle,1179,Not available,Not available,from United Kingdom,Not available,5290,Brand New,mhptrading,3815,99.7%
Coleman 24 oz. Burst Vacuum Insulated Stainless Steel Water Bottle,3150,Not available,Not available,from United States,Not available,1953,Brand New,forzasports,610646,99.3%
Owala FreeSip Stainless Steel Water Bottle 24 oz Star Wars Boba Fett PRESALE,7499,Not available,9 watchers,from United States,Not available,9267,Brand New,shopalalaholic23,101,100%
Snoopy white Inspired engraved water bottle tumbler 24 0z,4590,Not available,12 watchers,from United States,Not available,2793,Brand New,craftzila,77,100%
Nike Sport Water Bottle Blue Black 600ml New!,1829,Not available,Not available,from United Kingdom,Not available,7077,Brand New,dant2701,4063,99.3%
Bike Essential Road Bike Bicycle Water Bottle Leak-proof Cup 750ml Drink Jug,519,Not available,Not available,from China,5% off,64,Brand New,qiaofrankly,2738,98%
Nalgene 32 oz. Ultralite HPDE Wide Mouth Water Bottle - Clear,1325,28 product ratings,Not available,from United States,Not available,728,Brand New,forzasports,610646,99.3%
adidas Performance 750ml Water Bottle White Gym Hydration Drinks 3 Stripes,1036,Not available,Not available,from United Kingdom,12% off,1966,Brand New,startfitness-outlet,371027,99.5%
Ocean Obsidian Black Water Bottle - Vacuum insulated stainless steel 500ml,2885,Not available,Not available,from United Kingdom,Not available,5735,Brand New,woo0118,236,100%
"Porsche Motorsport Water Bottle, 735ml Clip Top and Carry Hook, FREE SHIPPING",1673,Not available,Not available,from United Kingdom,20% off,1703,Brand New,vantage97rsr,13584,99.9%
NEW Starbucks Gold Stainless Steel Water Bottle Coffee Flask -  20oz / 591ml,3272,Not available,5 watchers,from United Kingdom,Not available,5362,Brand New,dlav99,7015,99.8%
Takeya 24oz Insulated Stainless Steel Water Bottle with Spout Lid Midnight Blue,3688,1 product rating,Not available,from United States,Not available,5820,Brand New,soulcase,8751,99.2%
Leakproof Sports Water Bottle Gym Drinking Bottle with Straw 900ml black,653,Not available,Not available,from United Kingdom,Not available,654,Brand New,mtdshop24,233,97%
Sistema Square Water Drink Juice Bottle School Office Work Gym 475ml BPA Free,1179,8 product ratings,Not available,from United Kingdom,Not available,1966,Brand New,edealzonline,8814,99.5%
Bicycle Cup Drink Holder Beverage Water Bottle Cage Mount Cycling Handlebar Bike,813,Not available,Not available,from China,Not available,0,Brand New,clergyc92,1029,97.7%
Mystery Ranch SOCOM Nalgene Water Bottle Pouch Multicam,2299,Not available,Not available,from United States,Not available,2681,Brand New,nomald32,5589,99.8%
RockBros Bike Water Bottle Cage Adjustable Aluminium Alloy Bicycle Bottle Holder,1033,Not available,Not available,from China,Not available,0,Brand New,zho-ie2,24361,99.3%
Elite Crono CX water bottle and cage aero TT time trial triathlon tri  kit,3599,Not available,Not available,from United States,Not available,1937,New (Other),mikesbikestuff,3134,99.7%
Cold Thermal Thermos Tumbler Stainless Steel Insulated Tea Coffee Water Bottle,21794412,Not available,Not available,from China,10% off,0,Brand New,outdoorsportings,386,99.2%
Owala 24oz FreeSip Stainless Steel Water Bottle Wacky Wildberry,2599,Not available,Not available,from United States,Not available,3528,Brand New,vancald-9,39,100%
Bianchi Celeste Plastic Water Bottle Vintage Style Eroica Steel Bike Coppi,1305,Not available,Not available,from United Kingdom,Not available,977,Brand New,biciretro,2672,100%
Pure Copper Water Bottle - Not so perfect ones - Please Read Description,17052885,Not available,Not available,from United Kingdom,Not available,1836,Brand New,jena7820,1851,99.5%
With Strap Cup Sleeve Sport Water Bottle Cover Mobile Phone Bag Mesh Cup Pouch,434,Not available,Not available,from China,Not available,0,Brand New,qioa89,1830,96.2%
Fendi Water Bottle AMG Can Tumbler Fashion Steel 16oz 500ml Straw Gift,3497,Not available,Not available,from Peru,Not available,1499,Brand New,burnout_per,5,100%
"Bike Cup Holder, Bicycle Handlebar Drink Water Bottle Holder w Phone Keys Holder",15971644,Not available,Not available,from China,6% off,0,Brand New,epathstore,23857,98.6%
500ML Water Bottle Vacuum Insulated Flask Thermal Sport Chilly Drinks Cold Cup,10481310,Not available,Not available,from United Kingdom,Not available,4830,Brand New,cmydeals4u,22797,98.6%
Nalgene Sustain 32 oz. Tritan Narrow Mouth Water Bottle - Gray,1699,Not available,Not available,from United States,Not available,787,Brand New,forzasports,610646,99.3%
United Water Bottle Garnacho 750ml 2-Lid Aluminium Silver,1835,Not available,Not available,from United Kingdom,Not available,1446,Brand New,partisan-sports-merchandise,7924,99.4%
Kids Water Bottle Insulated Stainless Steel with Straw Lid for School and Sports,1359,Not available,Not available,from Australia,Not available,2530,Brand New,living_sense,3932,99%
Half Moon Bay Water Bottle Stainless Steel Drinks Bottle - 500ml,13102818,Not available,Not available,from United Kingdom,Not available,4869,Brand New,stella-comm,761711,99.5%
THERMOS Water Bottle Vacuum Insulated Sports Bottle 0.8L Black Valencia Cold Sto,5195,Not available,Not available,from Japan,Not available,0,Brand New,tent_jp_amg,199,99.5%
Coldest 64oz Sports Water Bottle Straw Lid Insulated Stainless Steel- 64oz Jug,5599,Not available,Not available,from United States,Not available,9270,Brand New,thecoldestwater,4754,97%
Fidlock Twist Water Bottle 590ml + Bike Base,5244,2 product ratings,Not available,from United Kingdom,Not available,4966,Brand New,highonbikes,602033,99.9%
30oz Stanley Tumbler Cup with Handle and Straw Insulated Bottle Mug Bottle,3670,Not available,11+ watchers,from China,Not available,0,Brand New,pageshop2022,327,97.8%
ZOJIRUSHI Water Bottle One Touch Stainless Steel Mug 0.2L Terracotta SM-PD20-PM,3257,Not available,5 watchers,from Japan,Not available,0,Brand New,be9innin9.japan,2412,99.6%
Takeya Actives Insulated 18 oz Stainless Steel Water Bottle - New,982,1 product rating,Not available,from United States,Not available,3280,Brand New,rocstartrading,158,100%
YETI Rambler 18oz Water Bottle with Chug Cap Camp Green RETIRED COLOR,5000,Not available,24 watchers,from United States,Not available,6659,Brand New,outdoortrailshop,141,99.3%
Nalgene HDPE Plastic Wide Mouth Storage Bottle - Clear/Blue,899,Not available,Not available,from United States,Not available,670,Brand New,forzasports,610646,99.3%
Nike Refuel Bottle Locking Lid24oz/750ml Water Bottle - University Red/Black,2732,Not available,5 watchers,from United Kingdom,Not available,0,Brand New,allens_swimwear,24668,99.3%
YETI 18oz Rambler Water Bottle with Chug Cap - Free Shipping,3324,Not available,16 watchers,from United States,5% off,2756,New (Other),treasure_isle,1894,99.5%
Cirkul 22Oz Plastic Water Bottle Starter Kit With Blue Lid + 8 Flavor Cartridges,3490,2 product ratings,Not available,from United States,Not available,5075,Brand New,unipopshop,622,100%
"Ion8 Leak Proof 1 litre Sports Water Bottle, Stainless Steel, Lockable, 1200ml",23592490,Not available,Not available,from United Kingdom,Not available,6449,Brand New,aydyaltd,13148,99.5%
620ml Kids Water Bottle With Straw BPA Free Children Drinking Healthy School Cuâˆˆ,898,Not available,Not available,from China,Not available,261,Brand New,failyuaojiao,4600,96.4%
New Camelbak Chute Mag Vacuum Insulated Stainless Steel Water Bottle 12 oz,1899,Not available,Not available,from United States,Not available,3354,Brand New,jazzyevrything,1425,100%
"Gatorade 32 Oz Contour Squeeze Sport Water Bottle Workout Fitness, 2 Pack",1199,Not available,Not available,from United States,Not available,2693,Brand New,alexicouture,61,94.1%
Hydro Flask - 21 oz Standard Mouth Stainless Steel Water Bottle Snapper Pink NEW,2799,Not available,7 watchers,from United States,Not available,2740,Brand New,cripkenrulz,1859,99.1%
Camelbak Podium Chill 0.6L 600mL Insulated Water Bottle - Reflective Ghost,2516,Not available,Not available,from Australia,Not available,1323,Brand New,ivanhoe_cycles_australia,9526,99.3%
Sistema Square Water Drink Juice Bottle School Office Work Gym 725ml BPA Free,1310,Not available,Not available,from United Kingdom,Not available,1966,Brand New,edealzonline,8814,99.5%
32oz BLACK Hydro Flask Water Bottle Stainless Steel Wide Mouth with Straw lid,2199,Not available,Not available,from United States,Not available,3222,Brand New,wheelsplusmore,1637,100%
Nalgene Neoprene Sleeve for 32 oz. Wide Mouth Water Bottle,1499,Not available,Not available,from United States,Not available,553,Brand New,forzasports,610646,99.3%
Sports Water Bottle with straw Flip Top Leak Proof Drink BPA Free Travel 500 ml,917982,Not available,Not available,from United Kingdom,Not available,4819,Brand New,mrgadgets01,3617,98.9%
Vintage 1950's Style Bicycle Aluminium Water Bottle with Drinking Straw L'Eroica,1305,Not available,Not available,from United Kingdom,Not available,1259,Brand New,veloheaven,26855,100%
SANRIO Water Bottle Vacuum Flask Kuromi Insulated Cup Travel Stainless Steel Mug,2039,Not available,Not available,from Australia,Not available,544,Brand New,gloomystarau,498,98%
Burgtec Guzzle Water Bottle MTB Mountain Bike Hydration Cycling Bottles Ride New,1966,Not available,Not available,from United Kingdom,17% off,2098,Brand New,gripandpedal,10063,99.6%
SANRIO Kids Water Bottle Cup Straw Coffee Juice Drink Travel Flask Reusable AU,1897,Not available,4+ watchers,from Australia,10% off,816,Brand New,jasmineblossomau,1815,96.7%
Flash Powder Shiny Reusable Plastic Water Bottle Cold Cup With Lid And Straw,510589,Not available,Not available,from China,Not available,0,Brand New,mintopwh,1374,98.7%
Drawstring Open Top Crossbody Water Bottle Bag Water Cup Protect  Travel,994,Not available,Not available,from China,Not available,54,Brand New,jactonncean,320,96.1%
Contigo Kid's 20 oz. AutoSpout Straw Water Bottle with Easy-Clean Lid,1925,Not available,Not available,from United States,Not available,904,Brand New,forzasports,610646,99.3%
"CamelBak Eddy+ Kids Water Bottle with Straw, Insulated Stainless Steel-12 OZ",1999,Not available,2+ watchers,from United States,Not available,2717,Brand New,fantasybuy02,157963,99.2%
"RTIC One Gallon Insulated Water Bottle / Jug Rambler, Stainless Steel",799911499,Not available,Not available,from United States,Not available,6789,Brand New,ezcampingsupply,4776,97%
UVeto Thermal Insulated Stainless Steel Drink Bottle,1496,Not available,Not available,from Australia,Not available,1020,Brand New,insideoutsafety,2247,100%
Owala FreeSip Stainless Steel Bottle / 32oz / Color: Glowing Neptune,8800,Not available,19 watchers,from United States,Not available,7879,Brand New,b.becky.sells,221,100%
"Fidlock TWIST Deluxe Water Bottle Cage Set, 590ml, Smoke",4295,Not available,Not available,from United States,Not available,1958,Brand New,rubberdowncycling,12692,99.8%
Humangear capCAP+ 63mm Universal Water Bottle Cap,1350,Not available,Not available,from United States,Not available,553,Brand New,forzasports,610646,99.3%
Elite Fly Water Bottle,518911,Not available,Not available,from United Kingdom,17% off,5200,Brand New,biketart*,136540,99.4%
Sports Water Bottle with Snack Storage Compartment Gym Training Fitness Running,197,Not available,Not available,from United Kingdom,75% off,1966,Brand New,startfitness-outlet,371027,99.5%
SwishTi Road Mountain eBike Cycle Titanium Water Bottle Cage in Matte Ti color,2548,Not available,5 watchers,from United States,12% off,500,Brand New,swish16888,1821,97.7%
Nalgene Wide Mouth Water Cantene - 32 oz.,2099,Not available,Not available,from United States,Not available,611,Brand New,forzasports,610646,99.3%
Outdoor Tactical Molle Water Bottle Bag Military Kettle Pouch Bag Holder Carrier,768799,Not available,Not available,from China,Not available,299,Brand New,sinairsoft2017,7812,98.5%
"Valentino Rossi, Monster Energy 750ml Reusable Water Bottle, With Gift Box.",2228,Not available,Not available,from United Kingdom,Not available,4862,Brand New,sarahspersonalisedgifts,1598,100%
Elite Fly Tex Bicycle Sports Water Bottle 550ml / 750ml / 950ml,11791310,Not available,Not available,from United Kingdom,Not available,4826,Brand New,woollyhatshop,466542,99.6%
HYDRO FLASK Kids Stainless Steel Insulated Water Bottle With Straw Cap 12 oz,1999,Not available,Not available,from United States,Not available,3547,Brand New,bigcunn60,153,96.3%
CamelBak Peak Fitness Chill Insulated Water Bottle 24 Oz Black/ Silver Cap New,1999,Not available,Not available,from United States,Not available,2717,Brand New,longhornstactical,4151,99%
Nalgene Sustain Narrow Mouth Water Bottle 1000ml,2228,Not available,Not available,from United Kingdom,Not available,5791,Brand New,tamarackoutdoors1,28205,99.9%
Elite Crono CX magnetic water bottle cage aero TT time trial triathlon tri,3799,Not available,Not available,from United States,Not available,1943,New (Other),mikesbikestuff,3134,99.7%
Water Bottle Labels Personalised Dishwasher Proof / Waterproof Nametags - Ocean,9171835,Not available,Not available,from United Kingdom,Not available,197,Brand New,clive459,57813,99.8%
"Thermos Stainless Steel Hydration Bottle, 18 Ounce - 3 Colors",25992699,Not available,Not available,from United States,Not available,2693,Brand New,the--everything--store,1895,99.5%
Owala FreeSip Stainless Steel Water Bottle / 24oz / Color: Desert Sunrise,7500,Not available,7 watchers,from United States,Not available,7841,Brand New,b.becky.sells,221,100%
1000ml Aluminium Water Bottle Sports Gym Metal Flask Camping Hiking Bottles 1L,1310,Not available,24 watchers,from United Kingdom,Not available,4721,Brand New,hemasretailstore,14373,99%
1L LED Tumbler Smart Water bottle Vacuum Insulated Flask Stainless Steel Thermos,17031769,Not available,Not available,from United Kingdom,Not available,1377,Brand New,accessorizehub,37036,99.1%
Fashion Kettle Bottle Straw Lid Cap Replacement Lid  Wide Mouth Water Bottle,541,Not available,Not available,from China,Not available,54,Brand New,slairewhoo,2049,97.6%
Brand New Nike Hyperfuel Squeeze Grip Leakproof Water Bottle 24oz Black NWT,1895,Not available,Not available,from United States,Not available,2669,Brand New,the_praying_cowboy,18768,100%
Sistema Twist Sip Squeeze Water Drink Juice Bottle School Office Work Gym 460ml,1179,Not available,Not available,from United Kingdom,Not available,1966,Brand New,edealzonline,8814,99.5%
ZOJIRUSHI Water bottle Stainless steel bottle with cup 1.03L Red SJ-JS10-RA JP,3722,9 product ratings,10 watchers,from Japan,Not available,0,Brand New,kabukicatjapan,20963,96.8%
LIFESAVER WATER BOTTLE- Ultra Filtration-Army Surplus-Purifier,3934,Not available,Not available,from United Kingdom,Not available,7368,Brand New,feildgun,2342,100%
Eco Friendly Sri Lankan Handmade Bamboo Water Bottle for Fresh Water 500ml,2599,Not available,20 watchers,from Sri Lanka,Not available,0,Brand New,abduwahab_33,5,100%
RockBros Bike Water Bottle Holder Bike Bottle Bracket Double-Side 5 Colors,1033,Not available,Not available,from China,Not available,0,Brand New,zho-ie2,24361,99.3%
Bicycle Motorcycle Drinks Water Bottle Cup Holder Bike Handlebar Beverage Braket,529,Not available,Not available,from China,Not available,0,Brand New,liazh-93,10079,98.6%
Hydraflow Hybrid Water Bottle  34 oz Qty 2,2939,Not available,Not available,from United States,16% off,8234,Brand New,haracenter2,11123,99.1%
Half Gallon 64oz Water Bottle with Straw Lid Filter System + Carrying Strap Bag,4499,Not available,Not available,from United States,Not available,6582,Brand New,encorecorp,99271,98.9%
City Water Bottle Haaland 750ml 2-Lid Aluminium Silver,1835,Not available,Not available,from United Kingdom,Not available,1446,Brand New,partisan-sports-merchandise,7924,99.4%
"Ion8 Leak Proof BPA Free Slim Water Bottle, Lockable Lid, 500ml",15721703,Not available,Not available,from United Kingdom,Not available,5498,Brand New,aydyaltd,13148,99.5%
2.2L Gym Water Bottle BPA Free Large Sport Training Camping Drink Kettle Black,917,Not available,Not available,from United Kingdom,Not available,5281,Brand New,burakh,4908,98.9%
Bubba 40 oz. Trailblazer Vacuum Insulated Stainless Steel Water Bottle- Licorice,2599,7 product ratings,Not available,from United States,Not available,2011,Brand New,forzasports,610646,99.3%
"Premium Stainless Steel Leak Proof Filtered Insulated Water Bottle, Rose, 20 oz",2699,Not available,6 watchers,from United States,10% off,2737,Brand New,fieldofdogwood,51278,99.9%
Powerade Squeeze Water Bottle Official Licensed Product Olympic Euro 2012 - NEW,1436,Not available,Not available,from United Kingdom,Not available,7064,New (Other),healysoutletstore3211,10628,99.9%
Plastic Spray Cool Summer Sport Water Bottle Portable Climbing Drink Kettle #,576,Not available,Not available,from China,65% off,0,Brand New,16beautyday,11626,95%
US Canteen and Cover with Shoulder Strap Olive Green  - Water Insulated Army New,2223,Not available,Not available,from United Kingdom,Not available,918,Brand New,epic_militaria,185331,99.7%
Thermos 24 oz. Alta Hard Plastic Hydration Bottle with Spout,1450,Not available,Not available,from United States,Not available,904,Brand New,forzasports,610646,99.3%
Cirkul 22 Oz Plastic Water Bottle Starter Kit With Blue Lid + 6 Flavor Finally,1999,2 product ratings,Not available,from United States,Not available,6201,Brand New,feridkhatamov0,414,98.6%
"Contigo Ashland 2.0 Leak-Proof Water Bottle with Lid Lock and Angled Straw, Dish",2400,Not available,Not available,from United States,Not available,8218,Brand New,nsg_usa,1132,99.6%
2 Pack Camelbak Podium Chill Water Bottle 24 FL Oz Ea. Lime/Blue Stripe BPA Free,3099,Not available,4 watchers,from United States,Not available,2749,Brand New,ncmosaic,863,99.9%
Glass Water Bottles 16 Oz / 470ml Glass Drinking Bottle 12 Pack Juice Bottle,1311,Not available,Not available,from United Kingdom,Not available,5294,Brand New,mhptrading,3815,99.7%
Owala Free Sip Water Bottle Penn Med Engraved Logo Gray Black 24 oz Cold Only,1499,Not available,2 watchers,from United States,Not available,3328,New (Other),2013label,572,100%
24 oz Stainless Steel Insulated Black Water Bottle Bulk Sports Bottle- 8 PACK,5899,Not available,Not available,from United States,Not available,2832,Brand New,abdnow,22929,99.3%
Gatorade 32 Oz Squeeze Water Sports Bottle Squirt Bottle 32OZ BPA Free 4 PACK,1999,Not available,Not available,from United States,Not available,5031,Brand New,alexicouture,61,94.1%
Thermos 16 oz. Stainless King Vacuum Insulated Stainless Steel Beverage Bottle,2499,Not available,16+ watchers,from United States,Not available,1866,Brand New,forzasports,610646,99.3%
Nalgene Sustain 48 oz. Wide Mouth Silo Water Bottle - Seafoam,1999,Not available,Not available,from United States,Not available,904,Brand New,forzasports,610646,99.3%
Nalgene Narrow Mouth Water Bottle Replacement Cap,825,Not available,Not available,from United States,Not available,494,Brand New,forzasports,610646,99.3%
Sports Water Bottle with Straw Flip Top Leak Proof Drink BPA Free Gym Travel 1L,1048,Not available,Not available,from United Kingdom,Not available,5286,Brand New,mrgadgets01,3617,98.9%
"Ion8 Leak Proof 1 litre Thermal Steel Water Bottle, Vacuum Insulated, Lockable",2621,Not available,Not available,from United Kingdom,Not available,6458,Brand New,aydyaltd,13148,99.5%
Camelbak Eddy+ 25 oz. Water Bottle,1120,Not available,Not available,from United States,Not available,2646,New (Other),real_deal_at_a_steal,30899,100%
Sistema Quick Flip Straw Water Drink Juice Bottle School Office Work Gym 800ml,1835,Not available,Not available,from United Kingdom,Not available,1966,Brand New,edealzonline,8814,99.5%
Personalised Water Bottle Insulated Laser Engraved with Handle Hot Cold 8h 600ml,17032097,Not available,Not available,from United Kingdom,Not available,5312,Brand New,houseeco,459,99.6%
Elite Fly Tex MTB 750ml Cycling Water Bottle Black Hydration Drinks,982,Not available,Not available,from United Kingdom,Not available,1966,Brand New,startfitness-outlet,371027,99.5%
"IRON Â°FLASK Sports Water Bottle 3 Lids (Straw Lid), Leak Proof, Hot and Cold",19903190,Not available,Not available,from United States,Not available,5066,New (Other),h2oexplore,2251,96.6%
UVeto Stainless Steel Drink Bottle,8161224,Not available,Not available,from Australia,Not available,1020,Brand New,insideoutsafety,2247,100%
Elite Jet Biodegradable 550ml Water Bottle Black Cycling Hydration Drinks,643,3 product ratings,Not available,from United Kingdom,2% off,1966,Brand New,startfitness-outlet,371027,99.5%
NEW Contigo Autoseal Drink Water Bottle 709mL Blue BPA-Free Leak & Spill Proof!,1693,Not available,18 watchers,from Australia,Not available,5369,Brand New,sparklingaccessories25,17601,99.9%
2pk Hydro Flask 40 oz Water Bottle Wide Mouth With Flex Chug Cap Black(5H),4499,Not available,Not available,from United States,Not available,9237,Brand New,supply-77,18167,99.5%
DRINCO Sport Water Bottle Hydro Vacuum Insulated Stainless Steel 32oz Flask,2399,Not available,Not available,from United States,Not available,2728,Brand New,drincoco,1402,99.1%
PC 1 Liter Sports Water Bottle Large Capacity Sports Kettle  School,797976,Not available,Not available,from China,Not available,90,Brand New,encounterlei,3557,98%
Bubba 32 oz. Radiant Vacuum Insulated Stainless Steel Rubberized Water Bottle,2675,Not available,Not available,from United States,Not available,2011,Brand New,forzasports,610646,99.3%
Ted Baker - Navy Blue Stainless Steel Hexagonal Lid Insulated Water Bottle,3541,Not available,Not available,from United Kingdom,Not available,2098,Brand New,yaya21accessories,5337,99.3%
Snips Infuser Water Bottle - Fruit Infuser BPA Free Travel/Sport Bottle - 750ml,1757,Not available,Not available,from United Kingdom,Not available,1046,Brand New,stuff_for_the_kitchen,21151,99.5%
DIONE Water Bottle 40 oz. Flask Double Wall Stainless Steel & Vacuum Insulated,2399,Not available,Not available,from United States,Not available,2728,Brand New,powerinnovation2013,3612,98.7%
2.2L Water Bottle Sports Gym Jug Dumbbell Dumbell Shaped Workout Fitness Prot GB,10711120,Not available,Not available,from China,Not available,0,Brand New,ofmsxl8-51,3486,97.7%
Owala 32 oz FreeSip DARK PURPLE 'Twilight Zone' Water Bottle Flip Top Stainless,5950,Not available,14 watchers,from United States,Not available,6897,Brand New,kidsbargainspot,11058,99.8%
Stainless Steel Water Bottle Double Wall Vacuum Insulated Sport Flask 32oz 22oz,22952399,Not available,Not available,from United States,Not available,2725,Brand New,drincoco,1402,99.1%
Iwasaki Industry Cold Water Bottle 2.1L Seamless Pitcher Hot Water Possible Whit,2630,Not available,Not available,from Japan,Not available,0,Brand New,be9innin9.japan,2412,99.6%
480ml Flexible Collapsible Foldable Reusable Water Bottles Ice Bag Outdoor Sport,540,Not available,Not available,from China,Not available,90,Brand New,value1992,100725,97.2%
"Coldest Insulated Water Bottle with Handle Lid Leak Proof, Stainless Steel- 21oz",3199,Not available,Not available,from United States,Not available,5066,Brand New,thecoldestwater,4754,97%
Kids Water Bottle with Straw Flask Insulated Leak Proof BPA Free,2621441,Not available,Not available,from United Kingdom,Not available,5228,Brand New,abc_kids_uk,550,100%
"Ion8 Kid's Leak Proof BPA Free Lunchbox Water Bottle, Lockable Lid, 350ml",13101572,Not available,Not available,from United Kingdom,Not available,7713,Brand New,aydyaltd,13148,99.5%
2000ml Large Water Bottle Plastic Straw Water Cup Sports High Value Out,1000,Not available,Not available,from Cyprus,Not available,100,Brand New,all4homecy,1,100%
30 oz Tumbler Cup with Straw Lid Insulated Stainless Steel Water Bottle Tumbler,1310,Not available,Not available,from United Kingdom,Not available,5294,Brand New,magic.deals,63529,99%
TYESO Water Bottle Vacuum Flask Stainless Steel Insulated Cafe Coffee Sports Cup,17131835,Not available,Not available,from Australia,10% off,544,Brand New,jasmineblossomau,1815,96.7%
20 Oz. Water Bottle Double Insulated Stainless Steel with Handle Cap,12896289,Not available,Not available,from United States,Not available,2843,Brand New,spotondeals-store,11121,98.4%
610ML Bike Water Bottle Leak-proof Portable Sports Fitness Cycling Water Bottle,859,Not available,Not available,from United States,Not available,2639,Brand New,david_shop3,3037,97.9%
Shop on eBay,2000,Not available,Not available,Not available,Not available,0,Brand New,Not available,0,Not available
Shop on eBay,2000,Not available,Not available,Not available,Not available,0,Brand New,Not available,0,Not available
Owala 32/24/19 oz. FreeSip Vacuum Insulated Stainless Steel Water Bottle,22993099,Not available,Not available,from China,Not available,0,Brand New,sifchard,4,100%
1L Sports Water Bottle Gym Travel Drinking Leakproof Bottle with Straw Bpa Free,1179,Not available,Not available,from United Kingdom,Not available,1048,Brand New,cpt_online,12235,99.4%
Sports Water Bottle Gym 1L Travel with Filter Leakproof Drinking Bottle BPA Free,1048,Not available,Not available,from United Kingdom,Not available,4822,Brand New,mrgadgets01,3617,98.9%
High Quality Owala 32/24/19 oz.Vacuum Insulated Stainless Steel Water Bottle NEW,27993099,Not available,Not available,from China,Not available,0,Brand New,draweater,717,95.7%
Hot Water Bottle With Cover Luxury Soft Fluffy 2L High Quality Rubber Fur Gift,523695,Not available,Not available,from China,Not available,0,Brand New,makeupdiarys6,21213,96.5%
New ListingHers Tracking Water Bottle,800,Not available,Not available,from United States,Not available,3124,Brand New,tifdi-3508,18,88.9%
Nalgene Tritan Wide Mouth 32 oz. Water Bottle,1699,20 product ratings,Not available,from United States,Not available,845,Brand New,forzasports,610647,99.3%
Nalgene Sustain 16 oz. Tritan Wide Mouth Water Bottle,1399,4 product ratings,Not available,from United States,7% off,670,Brand New,forzasports,610647,99.3%
1 L Sports Water Bottle Gym Drinking Leakproof Bottle with Straw Large Capacity,838931,Not available,Not available,from China,Not available,0,Brand New,redplumly3,10117,98.6%
300/400/500ml Light weight Practical Plastic Water Cup Drinking Bottle New,456507,Not available,Not available,from China,5% off,0,Brand New,spinkallane1818,2633,97%
Owala 32/24/19 oz. FreeSip Vacuum Insulated Stainless Steel Water Bottle NEW,22993099,Not available,Not available,from China,Not available,0,Brand New,greengr68,41,95.6%
Bike Bottle Holder Water Cup Rack Bicycle Bottle Holder Drink Bottle Holder,298304,Not available,Not available,from China,Not available,40,Brand New,franciscal,634,97.7%
Large capacity portable sports water bottle stainless steel vacuum insulated cup,33324080,Not available,Not available,from China,Not available,135,Brand New,hrsue34yg,16,90%
Owala 32/24/19 oz. FreeSip Vacuum Insulated Stainless Steel Water Bottle,27993099,Not available,Not available,from China,Not available,0,Brand New,zx1921,2246,96.3%
Hot/Cold Water Bottle Double Wall Thermal Flask Stainless Steel Thermos 0.6-1.6L,17022489,Not available,Not available,from United Kingdom,Not available,2490,Brand New,kimuklimited,3144,97.3%
Sports Motivational Drinking Water Bottle With Time Marker 32 Oz BPA Free,1299,Not available,Not available,from United States,Not available,2652,Brand New,leidron,544,98.2%
610ML MTB Bicycle Water Bottle Portable Kettle Drink Bottle for Outdoor Cycling,680689,Not available,Not available,from China,8% off,0,Brand New,advanced-mall,12981,96.6%
Owala 24oz FreeSip Stainless Steel Water Bottle Insulated Sports Travel Bottle,22282670,Not available,16+ watchers,from China,Not available,0,Brand New,wucha_82,431,75.8%
200ml Mini Drinking Water Bottle BPA Free Plastic Water Cup Portable Reusable,514,Not available,Not available,from China,Not available,0,Brand New,treelight2016,56612,98.8%
Plastic Spray Cool Summer Sport Water Bottle Portable Climbing Drink Kettle #,576,Not available,Not available,from China,65% off,0,Brand New,16beautyday,11629,95%
(black) Bicycle Water Bottle Bike Water Bottle Sports Water Bottle 610ml,678,Not available,6 watchers,from China,Not available,523,Brand New,time_is_friend168,40342,98.6%
Flash Powder Shiny Reusable Plastic Water Bottle Cold Cup With Lid And Straw,510589,Not available,Not available,from China,Not available,0,Brand New,mintopwh,1374,98.7%
24 oz Stainless Steel Water Bottle With Straw And Spout Lid Sports Flask Black,1289,Not available,Not available,from United States,Not available,2696,Brand New,abdnow,22929,99.3%
Nalgene Sustain 32 oz. Wide Mouth Water Bottle,16991725,Not available,Not available,from United States,Not available,845,Brand New,forzasports,610647,99.3%
Zefal Z Box Tool Bottle M,728,10 product ratings,Not available,from United Kingdom,Not available,392,Brand New,rarewaves-outlet,1230461,98.2%
Leakproof Sports Water Bottle Gym Drinking Bottle with Straw 900ml black,653,Not available,Not available,from United Kingdom,Not available,654,Brand New,mtdshop24,233,97%
620ml Kids Water Bottle With Straw BPA Free Children Drinking Healthy School Cuâˆˆ,898,Not available,Not available,from China,Not available,261,Brand New,failyuaojiao,4600,96.4%
Waterproof Water Bottle Holder Crossbody Water Bottle Purse  Hiking,1049,Not available,Not available,from China,Not available,54,Brand New,bestfangwei,16577,97.8%
NEW Owala 32/24/19 OZ. FreeSip Vacuum Insulated Stainless Steel Water Bottle,27993099,Not available,Not available,from China,Not available,0,Brand New,draweater,717,95.7%
1 Gallon Water Bottle w Insulated Storage Sleeve 128 oz Stainless Steel Growler,7999,Not available,215 watchers,from United States,Not available,6685,Brand New,encorecorp,99271,98.9%
Water Bottle Stainless Steel Metal with Straw Filter BPA Free GYM School 2 Lids,13101572,Not available,Not available,from United Kingdom,Not available,5294,Brand New,mrgadgets01,3617,98.9%
"Ion8 Leak Proof Slim Water Bottle, Stainless Steel, Lockable Lid, 600ml",1572,1 product rating,Not available,from United Kingdom,Not available,7723,Brand New,aydyaltd,13149,99.5%
Owala Stainless Steel Water Bottle - Leak Proof - White - 710ml - BNWT,1966,Not available,Not available,from United Kingdom,Not available,6174,Brand New,theislandhut,5168,99.8%
Stainless Steel Water Bottle Cycling Wide Mouth Metal Sports & Gym Drink Flask,9421144,Not available,Not available,from China,9% off,798,Brand New,denrua,268,95%
Zefal Sense Soft 65 Bottle Black,654,Not available,Not available,from United Kingdom,Not available,392,Brand New,rarewaves-outlet,1230461,98.2%
"Water Bottle, with Straw 32 Oz 3 Lid Multi-Size Vacuum Insulated For Cold & Hot",1299,Not available,Not available,from United States,Not available,5010,Brand New,kuchee,593,97.4%
Contigo 24 oz. Cortland 2.0 Tritan Water Bottle with AutoSeal Lid,1850,Not available,Not available,from United States,Not available,904,Brand New,forzasports,610647,99.3%
Nalgene Sustain 32 oz. Tritan Oasis Water Canteen,1525,Not available,40+ watchers,from United States,Not available,787,Brand New,forzasports,610647,99.3%
30oz Stanley Tumbler Cup with Handle and Straw Insulated Bottle Mug Bottle,3670,Not available,Not available,from China,Not available,0,Brand New,pageshop2022,327,97.8%
Sports Water Bottle with Snack Storage Compartment Gym Training Fitness Running,197,Not available,Not available,from United Kingdom,75% off,1966,Brand New,startfitness-outlet,371034,99.5%
SANRIO Water Bottle Vacuum Flask Kuromi Insulated Cup Travel Stainless Steel Mug,2039,Not available,Not available,from Australia,Not available,544,Brand New,gloomystarau,498,98%
SANRIO Kids Water Bottle Cup Straw Coffee Juice Drink Travel Flask Reusable AU,1897,Not available,4+ watchers,from Australia,10% off,816,Brand New,jasmineblossomau,1815,96.7%
Nalgene HDPE Plastic Ultralight Narrow Mouth Water Bottle - Clear,10751175,3 product ratings,Not available,from United States,Not available,611,Brand New,forzasports,610647,99.3%
40oz BLACK Hydro Flask Water Bottle Stainless Steel Wide Mouth with Straw lid,2199,Not available,Not available,from United States,Not available,3222,Brand New,wheelsplusmore,1637,100%
Zefal Sense Soft 80 Bottle Translucent Blue,692,Not available,Not available,from United Kingdom,Not available,392,Brand New,rarewaves-outlet,1230461,98.2%
300/400/500ml Student Light Weight Practical Plastic Water Cup Drinking Bottle,471615,Not available,Not available,from China,Not available,392,Brand New,jiache-71,2264,97.6%
1L Water Bottle Flip Top Gradient Sports Water Bottle Motivational Water Bottle,628,Not available,Not available,from China,Not available,0,Brand New,angelsupplier88,281921,98.6%
ROCKBROS Insulated Water Bottle Stainless Steel Metal Cool Sports 18/22/32/40OZ,17852255,Not available,4+ watchers,from United States,6% off,5767,Brand New,rockbrosusa,14714,99.3%
Nalgene Sustain 32 oz. Narrow Mouth Water Bottle,1699,2 product ratings,Not available,from United States,Not available,845,Brand New,forzasports,610647,99.3%
1L SQUARE ARMY WATER BOTTLE TACTICAL MILITARY DRINK FLASK BPA FREE,677,Not available,Not available,from Australia,Not available,1221,Brand New,sfor8673,19337,100%
Owala 16oz Kids' FreeSip Stainless Steel Water Bottle - Black,1999,Not available,Not available,from United States,Not available,2672,Brand New,owlettenterprises,1736,99.9%
Thermos 12 oz. Kid's Funtainer Vacuum Insulated Stainless Steel Water Bottle,17502225,Not available,Not available,from United States,Not available,1079,Brand New,forzasports,610647,99.3%
Owala 24 oz. FreeSip Vacuum Insulated Stainless Steel Water Bottle,2799,Not available,Not available,from United States,Not available,1953,Brand New,forzasports,610647,99.3%
Stainless Steel Double Walled Water Bottle for Hot & Cold Drinks 350ML,1048,Not available,Not available,from United Kingdom,Not available,5286,Brand New,pdsolutions123,4303,99%
Nalgene Sustain 16 oz. Wide Mouth Water Bottle,1499,Not available,Not available,from United States,Not available,670,Brand New,forzasports,610647,99.3%
Stainless Steel Water Bottle Vacuum Insulated Double Wall Sports Thermos Gym,16992039,Not available,Not available,from Australia,Not available,2530,Brand New,living_sense,3932,99%
Nalgene Wide Mouth Round Loop-Top Water Bottle - 16 oz.,1075,Not available,4 watchers,from United States,Not available,611,Brand New,forzasports,610647,99.3%
Bike Essential Road Bike Bicycle Water Bottle Leak-proof Cup 750ml Drink Jug,519,Not available,Not available,from China,5% off,64,Brand New,qiaofrankly,2738,98%
Folding Soft Flask Collapsible Water Bag Sport Water Bottle  Running Camping,481928,Not available,1+ watchers,from China,Not available,54,Brand New,engfengia,469,97.3%
Personalised 40 oz Cup Straw Lid Insulated Steel Water Bottle (stanley style),2097,Not available,Not available,from United Kingdom,Not available,5321,Brand New,spokengifts,24072,99.7%
Bianchi Celeste Plastic Water Bottle Vintage Style Eroica Steel Bike Coppi,1305,Not available,Not available,from United Kingdom,Not available,977,Brand New,biciretro,2672,100%
Nalgene Sustain 16 oz. Narrow Mouth Water Bottle,14991899,Not available,Not available,from United States,Not available,670,Brand New,forzasports,610647,99.3%
Nalgene Wide Mouth Water Bottle Replacement Cap,799875,4 product ratings,Not available,from United States,Not available,494,Brand New,forzasports,610647,99.3%
Motivational Water Bottle BPA Free 3.8L/128oz Jug w/Straw and Time Tracker Gym,999,Not available,Not available,from United States,Not available,2687,Brand New,cchproduc1985,2078,99.3%
ROCKBROS Water Bottle MTB Road Bike Multicolored Bottle Insulated Kettle 620ml,1570,Not available,Not available,from China,Not available,0,Brand New,cbrsports2020,9359,99.7%
Kids Water Bottle Insulated Stainless Steel with Straw Lid for School and Sports,1359,Not available,Not available,from Australia,Not available,2530,Brand New,living_sense,3932,99%
1L ARMY WATER BOTTLE TACTICAL MILITARY DRINK FLASK BPA / BPS FREE,6771285,Not available,Not available,from Australia,Not available,1153,Brand New,sfor8673,19337,100%
Contigo 24 oz. Cortland Chill 2.0 Vacuum Insulated Stainless Steel Water Bottle,26753175,Not available,Not available,from United States,Not available,1953,Brand New,forzasports,610647,99.3%
Nalgene Sustain 32 oz. Tritan Narrow Mouth Water Bottle,1699,13 product ratings,Not available,from United States,Not available,787,Brand New,forzasports,610647,99.3%
GATORADE Squeeze Water Bottle 32 OZ (6 Pack),3295,Not available,Not available,from United States,Not available,1690,Brand New,impextx,144,97.9%
Nike Sport Water Bottle Blue Black 600ml New!,1829,Not available,Not available,from United Kingdom,Not available,7077,Brand New,dant2701,4067,99.3%
"Stainless Steel Vacuum Insulated Double Wall Water Bottle 20oz, 32oz or 40oz",16982990,Not available,Not available,from Australia,Not available,4080,Brand New,cyclingdeal,209838,99.6%
1 X Bike Bicycle Water Bottle and Holder Cage Cycling Drink Bottle 750ml;,804,Not available,Not available,from China,Not available,54,Brand New,confertilot,6965,97%
Vintage 1950's Style Bicycle Aluminium Drinks Water Bottle with Cork L'Eroica,1305,Not available,Not available,from United Kingdom,Not available,1259,Brand New,veloheaven,26855,100%
Stainless Steel Water Bottle Double Wall Vacuum Insulated Sports Gym Metal Flask,2109,Not available,7 watchers,from China,9% off,159,Brand New,wiree221,86,97.8%
Yeti Rambler 36oz Water Bottle With Chug Cap RETIRED COLOR Camp Green NWTs,7250,Not available,9 watchers,from United States,Not available,6725,Brand New,outdoortrailshop,141,99.3%
Blender Bottle Halex 32 oz. Squeeze Sport Water Bottle,13991499,Not available,Not available,from United States,Not available,787,Brand New,forzasports,610647,99.3%
Large Stainless Steel Water Bottle Vacuum Insulated Double Wall Thermos Sports,30604760,Not available,Not available,from Australia,Not available,5012,Brand New,living_sense,3932,99%
Outdoor Nylon Tactical Molle Water Bottle Cup Carrier Bag Holder Pouch Military,9601164,Not available,Not available,from China,Not available,0,Brand New,encounterlei,3557,98%
Nalgene 32 oz. Ultralite HPDE Wide Mouth Water Bottle - Clear,1325,28 product ratings,Not available,from United States,Not available,728,Brand New,forzasports,610647,99.3%
Nalgene Sustain 24 oz. Tritan On the Fly Water Bottle,1699,Not available,Not available,from United States,6% off,787,Brand New,forzasports,610647,99.3%
Sports Water Bottle with straw Flip Top Leak Proof Drink BPA Free Travel 500 ml,917982,Not available,Not available,from United Kingdom,Not available,4819,Brand New,mrgadgets01,3617,98.9%
"Bike Cup Holder, Bicycle Handlebar Drink Water Bottle Holder w Phone Keys Holder",15971644,Not available,Not available,from China,6% off,0,Brand New,epathstore,23857,98.6%
"Gatorade Stainless Steel Sport Bottle, 26oz, Double-Wall Insulation - New",2375,Not available,Not available,from United States,Not available,8217,Brand New,palko_products,206,100%
Water Bottle Labels Personalised Dishwasher Proof / Waterproof Nametags - Ocean,9171835,Not available,Not available,from United Kingdom,Not available,197,Brand New,clive459,57815,99.8%
Nalgene Silo Sustain 48 oz. Wide Mouth Water Bottle,1999,Not available,Not available,from United States,Not available,904,Brand New,forzasports,610647,99.3%
1000ML Water Bottle Carrier Insulated Cover Bag Holder Strap Pouch Outdoor - UK,492616,Not available,Not available,from China,5% off,0,Brand New,duoha-9,3645,97%
Nalgene HDPE Plastic Wide Mouth Rectangular Storage Bottle - Clear,7501850,Not available,Not available,from United States,Not available,553,Brand New,forzasports,610647,99.3%
Nalgene MultiDrink Water Bottle Replacement Cap - Gray,1199,Not available,Not available,from United States,Not available,611,Brand New,forzasports,610647,99.3%
YETI Rambler 18oz Water Bottle with Chug Cap Camp Green RETIRED COLOR,5000,Not available,24 watchers,from United States,Not available,6659,Brand New,outdoortrailshop,141,99.3%
Owala Free Sip Water Bottle Penn Med Engraved Logo Gray Black 24 oz Cold Only,1499,Not available,2 watchers,from United States,Not available,3328,New (Other),2013label,572,100%
Pure Copper Water Bottle - Not so perfect ones - Please Read Description,17052885,Not available,7+ watchers,from United Kingdom,Not available,1836,Brand New,jena7820,1851,99.5%
Nalgene Sustain 32 oz. Tritan Narrow Mouth Water Bottle - Gray,1699,Not available,Not available,from United States,Not available,787,Brand New,forzasports,610647,99.3%
Nike Refuel Water Bottle 18oz Sports Bottle Black New!,1698,Not available,Not available,from United Kingdom,Not available,7073,Brand New,dant2701,4067,99.3%
NWT Owala 32oz Water Bottle Urban Outfitter Exclusive Tea Time Rosebud Floral,6499,Not available,42 watchers,from United States,Not available,2849,Brand New,concordsf,387,100%
Sistema Hydrate Tritan Bottle Water Juice Drinks School Work Gym 800ml BPA Free,1703,Not available,Not available,from United Kingdom,Not available,1966,Brand New,edealzonline,8815,99.5%
Double Wall Stainless Steel Water Bottle Vacuum Insulated Black Thermos Flask,16991835,Not available,Not available,from Australia,Not available,2530,Brand New,living_sense,3932,99%
Bike Cup Holder Cycling Water Bottle Cage Beverage Mount Drink Bicycle Handlebar,799,Not available,3 watchers,from China,20% off,0,Brand New,us_store_999,483,97.8%
With Strap Cup Sleeve Sport Water Bottle Cover Mobile Phone Bag Mesh Cup Pouch,434,Not available,Not available,from China,Not available,0,Brand New,qioa89,1830,96.2%
Camelbak Podium Chill Insulated Bottle Yellow Dot/Teal Dot 21/ 24oz,1703,Not available,Not available,from United Kingdom,Not available,2621,Brand New,wolfcycles,19536,99.6%
12oz Stainless Steel Water Bottle Outdoor Camping Hiking Sports Flask Drinking,999,Not available,Not available,from United States,Not available,2643,Brand New,x-x3122,2284,98.5%
THERMOS Water Bottle Vacuum Insulated Sports Bottle 1L Midnight Blue Cold Storag,4086,Not available,Not available,from Japan,Not available,0,Brand New,tent_jp_amg,199,99.5%
Bamboo Insulated Water Bottle 304 Stainless Steel Office Cup  Coffee,10351222,Not available,Not available,from China,Not available,90,Brand New,beanbudoib,4807,97.9%
Coleman 40 oz. FreeFlow Autoseal Vacuum Insulated Stainless Steel Water Bottle,3599,Not available,Not available,from United States,Not available,2186,Brand New,forzasports,610647,99.3%
Vintage 1950's Style Bicycle Aluminium Water Bottle with Drinking Straw L'Eroica,1305,Not available,Not available,from United Kingdom,Not available,1259,Brand New,veloheaven,26855,100%
High 5 750ml Water Bottle Running Hydration Drinks,523,16 product ratings,Not available,from United Kingdom,11% off,1966,Brand New,startfitness-outlet,371034,99.5%
ZOJIRUSHI Water Bottle Direct Drinking  Stainless Mug 600ml Navy SM-SF60-AD,3282,Not available,Not available,from Japan,Not available,0,Brand New,kabukicatjapan,20964,96.8%
Large Stainless Steel Water Bottle Insulated with Wide Mouth and BPA-Free Lid,34684760,Not available,Not available,from Australia,Not available,5012,Brand New,living_sense,3932,99%
UVeto Stainless Steel Drink Bottle,8161224,Not available,Not available,from Australia,Not available,1020,Brand New,insideoutsafety,2247,100%
Cold Thermal Thermos Tumbler Stainless Steel Insulated Tea Coffee Water Bottle,21794412,Not available,Not available,from China,10% off,0,Brand New,outdoorsportings,386,99.2%
RockBros Bike Water Bottle Cage Adjustable Aluminium Alloy Bicycle Bottle Holder,1033,Not available,Not available,from China,Not available,0,Brand New,zho-ie2,24365,99.3%
United Water Bottle Garnacho 750ml 2-Lid Aluminium Silver,1835,Not available,Not available,from United Kingdom,Not available,1446,Brand New,partisan-sports-merchandise,7925,99.4%
Avocado Water Bottle 304 Stainless Steel 500ml Double Wall Vacuum Sports Jug,1498,Not available,Not available,from China,8% off,67,Brand New,home_garden365,86875,98.4%
Coleman 24 oz. Free Flow Autoseal Insulated Stainless Steel Water Bottle,3150,Not available,Not available,from United States,Not available,1953,Brand New,forzasports,610647,99.3%
Sistema Quick Flip Straw Water Drink Juice Bottle School Office Work Gym 800ml,1835,Not available,Not available,from United Kingdom,Not available,1966,Brand New,edealzonline,8815,99.5%
32oz BLACK Hydro Flask Water Bottle Stainless Steel Wide Mouth with Straw lid,2199,Not available,Not available,from United States,Not available,3222,Brand New,wheelsplusmore,1637,100%
Sistema Square Water Drink Juice Bottle School Office Work Gym 475ml BPA Free,1179,8 product ratings,Not available,from United Kingdom,Not available,1966,Brand New,edealzonline,8815,99.5%
Pathfinder School Canteen Bottle NEW,2800,Not available,2 watchers,from United States,Not available,3600,New (Other),combatreadyguy,2633,99.6%
DRINCO Sport Water Bottle Hydro Vacuum Insulated Stainless Steel 32oz Flask,2399,Not available,Not available,from United States,Not available,2728,Brand New,drincoco,1402,99.1%
0.5-1L Stainless Steel Water Drink Bottles Cup Travel Sport Camping Cycling,11491325,Not available,Not available,from China,Not available,0,Brand New,au_mart,14778,98.9%
Nalgene HDPE Plastic Wide Mouth Storage Bottle - Clear/Blue,899,Not available,Not available,from United States,Not available,670,Brand New,forzasports,610647,99.3%
Bicycle Motorcycle Drinks Water Bottle Cup Holder Bike Handlebar Beverage Braket,529,Not available,Not available,from China,Not available,0,Brand New,liazh-93,10081,98.6%
500ML Water Bottle Vacuum Insulated Flask Thermal Sport Chilly Drinks Cold Cup,10481310,Not available,Not available,from United Kingdom,Not available,4830,Brand New,cmydeals4u,22799,98.6%
1000ml Aluminium Water Bottle Sports Gym Metal Flask Camping Hiking Bottles 1L,1310,Not available,24 watchers,from United Kingdom,Not available,4721,Brand New,hemasretailstore,14385,99%
Humangear capCAP+ 63mm Universal Water Bottle Cap,1350,Not available,Not available,from United States,Not available,553,Brand New,forzasports,610647,99.3%
PC 1 Liter Sports Water Bottle Large Capacity Sports Kettle  School,797976,Not available,Not available,from China,Not available,90,Brand New,encounterlei,3557,98%
New ListingLightweight Sports Bottle Bike Water Bottle Cycling Kettle Cycling Water Bottle,809,Not available,Not available,from China,Not available,54,Brand New,yirany65,304,95.8%
Sistema Twist Sip Squeeze Water Drink Juice Bottle School Office Work Gym 460ml,1179,Not available,Not available,from United Kingdom,Not available,1966,Brand New,edealzonline,8815,99.5%
Motorcycle Handlebar Cup Holder Drink Water Bottle Mount Accessories Universal,749,Not available,Not available,from China,Not available,0,Brand New,liazh-93,10081,98.6%
Sistema Square Water Drink Juice Bottle School Office Work Gym 725ml BPA Free,1310,Not available,Not available,from United Kingdom,Not available,1966,Brand New,edealzonline,8815,99.5%
"Contigo Ashland 2.0 Leak-Proof Water Bottle with Lid Lock and Angled Straw, Dish",2400,Not available,Not available,from United States,Not available,8218,Brand New,nsg_usa,1132,99.6%
"Thermos Stainless Steel Hydration Bottle, 18 Ounce - 3 Colors",25992699,Not available,Not available,from United States,Not available,2690,Brand New,the--everything--store,1895,99.5%
Contigo Ashland 2.0 24oz Plastic Water Bottle with Autospout Lid - Frosted Rose,649,Not available,Not available,from United States,Not available,3347,Brand New,statpat35,1620,100%
Nalgene Ultralite Wide Mouth Round Loop Top Water Bottle - 48 oz. - Clear/Blue,1499,Not available,Not available,from United States,Not available,787,Brand New,forzasports,610647,99.3%
30 oz Tumbler Cup with Straw Lid Insulated Stainless Steel Water Bottle Tumbler,1310,Not available,Not available,from United Kingdom,Not available,5294,Brand New,magic.deals,63529,99%
Unicorn Kids Water Bottle Flask Straw Vacuum Insulated Leak Proof Compact,2621441,Not available,Not available,from United Kingdom,Not available,5188,Brand New,abc_kids_uk,550,100%
Elite Fly Tex Bicycle Sports Water Bottle 550ml / 750ml / 950ml,11791310,Not available,Not available,from United Kingdom,Not available,4826,Brand New,woollyhatshop,466550,99.6%
Elite Jet Biodegradable 550ml Water Bottle Black Cycling Hydration Drinks,643,3 product ratings,Not available,from United Kingdom,2% off,1966,Brand New,startfitness-outlet,371034,99.5%
Burgtec Guzzle Water Bottle MTB Mountain Bike Hydration Cycling Bottles Ride New,1966,Not available,Not available,from United Kingdom,17% off,2098,Brand New,gripandpedal,10063,99.6%
Contigo Kid's 14 oz. AutoSpout Straw Water Bottle with Easy-Clean Lid,1750,Not available,Not available,from United States,Not available,787,Brand New,forzasports,610647,99.3%
Insulated Stainless Steel Water Bottle Vacuum Flask Tumbler Thermos Cup,14491731,Not available,Not available,from China,Not available,54,Brand New,bullewellstoe,2936,97.3%
Personalised Water Bottle Insulated Laser Engraved with Handle Hot Cold 8h 600ml,17032097,Not available,Not available,from United Kingdom,Not available,5308,Brand New,houseeco,459,99.6%
CIRKUL 22oz Plastic Water Bottle + 2 Flavored Cartridges Berry Fruit Punch NEW,943,13 product ratings,Not available,from United States,Not available,6085,Brand New,pruco,796,100%
2pk YETI Rambler 18oz Water Bottle w Straw Cap Big Wave Blue(T8),4999,1 product rating,Not available,from United States,Not available,5119,Brand New,supply-77,18168,99.5%
Glass Water Bottles 16 Oz / 470ml Glass Drinking Bottle 6 Pack Juice Bottle,1179,Not available,Not available,from United Kingdom,Not available,5290,Brand New,mhptrading,3816,99.7%
"Personalised Kids Water Bottle, 500ml, Perfect for Back to School, Nursery, Gift",785,Not available,Not available,from United Kingdom,Not available,5736,Brand New,bebe-makes,897,99.2%
"SIS SCIENCE IN SPORT MTB ROAD BIKE CYCLING WATER BOTTLE (550,600,800,1000 ml)",1310,Not available,Not available,from United Kingdom,Not available,525,Brand New,sam_cycling,144648,98.9%
"Giant DoubleSpring ARX Kids Water Bottle 400mL - Red, Blue, Orange, Green",816,Not available,Not available,from Australia,Not available,1323,Brand New,ivanhoe_cycles_australia,9526,99.3%
"1 Litre Water Bottle with Straw & washing brush, Travel, Gym Sports Drink Bottle",785,Not available,Not available,from United Kingdom,Not available,5664,Brand New,online-daily-deals-uk,1301,96.9%
Gatorade 32 Oz Squeeze Water Sports Bottle Squirt Bottle 32OZ BPA Free 4 PACK,1999,Not available,Not available,from United States,Not available,5031,Brand New,alexicouture,61,94.1%
Contigo Kid's 20 oz. AutoSpout Straw Water Bottle with Easy-Clean Lid,1925,Not available,Not available,from United States,Not available,904,Brand New,forzasports,610647,99.3%
"Collapsible Water Bottle, BPA Free Silicone Foldable Travel Water Bottle",600,Not available,Not available,from United States,Not available,3118,Brand New,drabr_63,14,93.3%
Contigo 32 oz. Jackson Chill 2.0 Vacuum Insulated Stainless Steel Water Bottle,2675,Not available,Not available,from United States,Not available,2099,Brand New,forzasports,610647,99.3%
Takeya Actives Insulated Stainless Steel Water Bottle with Spout Lid - Midnight,1888,Not available,Not available,from United States,Not available,2713,Brand New,dealsoffprice,9438,98.6%
Cirkul 22Oz Plastic Water Bottle Starter Kit With Blue Lid + 8 Flavor Cartridges,3490,2 product ratings,Not available,from United States,Not available,5075,Brand New,unipopshop,624,100%
Sip by Swell Insulated Water Bottle Top Dog 15oz Hot & Cold Purple Dachshund,899,Not available,Not available,from United States,Not available,2684,Brand New,gomlilmar,78700,99.8%
Contigo 24 oz. Ashland Chill 2.0 Vacuum Insulated Stainless Steel Water Bottle,2675,Not available,18+ watchers,from United States,Not available,1953,Brand New,forzasports,610647,99.3%
Bike Cycling Portable Leak-proof Cup Bicycle Water Bottle Drink Jug 750ml,433,Not available,Not available,from China,5% off,90,Brand New,beanbudoib,4807,97.9%
Contigo 24 oz. Jackson Chill 2.0 Vacuum Insulated Stainless Steel Water Bottle,2499,Not available,Not available,from United States,Not available,1953,Brand New,forzasports,610647,99.3%
Elite Fly Water Bottle,518911,Not available,Not available,from United Kingdom,17% off,5200,Brand New,biketart*,136545,99.4%
Ocean Obsidian Black Water Bottle - Vacuum insulated stainless steel 500ml,2885,Not available,Not available,from United Kingdom,Not available,5735,Brand New,woo0118,236,100%
Mystery Ranch SOCOM Nalgene Water Bottle Pouch Multicam,2299,Not available,Not available,from United States,Not available,2681,Brand New,nomald32,5589,99.8%
Personalised Kids Mini Water Bottle Love Clear Reusable Clear Straw Bottle,785,Not available,Not available,from United Kingdom,Not available,5736,Brand New,bebe-makes,897,99.2%
Camelbak Eddy+ 25 oz. Water Bottle,1120,Not available,Not available,from United States,Not available,2646,New (Other),real_deal_at_a_steal,30899,100%
US Canteen and Cover with Shoulder Strap Olive Green  - Water Insulated Army New,2223,Not available,Not available,from United Kingdom,Not available,918,Brand New,epic_militaria,185332,99.7%
Cirkul 22 Oz Plastic Water Bottle Starter Kit With Blue Lid + 6 Flavor Finally,1999,2 product ratings,Not available,from United States,Not available,6201,Brand New,feridkhatamov0,414,98.6%
UVeto Thermal Insulated Stainless Steel Drink Bottle,1496,Not available,Not available,from Australia,Not available,1020,Brand New,insideoutsafety,2247,100%
"Ion8 Leak Proof Kids' Water Bottle, Stainless Steel, Lockable Lid, 400ml",14411703,Not available,Not available,from United Kingdom,Not available,6418,Brand New,aydyaltd,13149,99.5%
Owala 24oz FreeSip Stainless Steel Water Bottle Wacky Wildberry,2599,Not available,Not available,from United States,Not available,3528,Brand New,vancald-9,39,100%
Bicycle Cup Drink Holder Beverage Water Bottle Cage Mount Cycling Handlebar Bike,813,Not available,Not available,from China,Not available,0,Brand New,clergyc92,1029,97.7%
Sistema Twist Sip Squeeze Water Drink Juice Bottle School Office Work Gym 620ml,1179,6 product ratings,Not available,from United Kingdom,Not available,1966,Brand New,edealzonline,8815,99.5%
Owala FreeSip Stainless Steel Water Bottle / 24oz / Color: Hulk,8000,Not available,11 watchers,from United States,Not available,7855,Brand New,b.becky.sells,221,100%
480ml Flexible Collapsible Foldable Reusable Water Bottles Ice Bag Outdoor Sport,540,Not available,Not available,from China,Not available,90,Brand New,value1992,100725,97.2%
"Valentino Rossi, Monster Energy 750ml Reusable Water Bottle, With Gift Box.",2228,Not available,Not available,from United Kingdom,Not available,4862,Brand New,sarahspersonalisedgifts,1598,100%
CamelBak Podium Water Bottle - 710ml / 24oz,1572,5 product ratings,Not available,from United Kingdom,8% off,5226,Brand New,highonbikes,602045,99.9%
Polar Breakaway 24oz Insulated Bike Water Bottle w/ Surge Valve,15921699,Not available,Not available,from United States,Not available,6496,Brand New,the_bikesmiths,254837,99.8%
Sports Water Bottle with Snack Storage Compartment Gym Training Fitness 500ml,197,3 product ratings,Not available,from United Kingdom,75% off,1966,Brand New,startfitness-outlet,371034,99.5%
1 X Infusion Water Bottle with Fruit Infuser Aqua Hydration Sports Bottle,785,Not available,Not available,from United Kingdom,Not available,4813,Brand New,v_vape,31346,99.3%
adidas Tiro 500ml Water Bottle Black Gym Hydration Drinks 3 Stripes,905,Not available,Not available,from United Kingdom,1% off,3933,Brand New,startfitness-outlet,371034,99.5%
2x Water Bottle 750 ml with straw gym travel sport BPA free leakproof motivation,1258,Not available,Not available,from United Kingdom,20% off,5293,Brand New,vikicandlesandsoaps,1347,100%
Takeya Actives Insulated 18 oz Stainless Steel Water Bottle - New,982,1 product rating,Not available,from United States,Not available,3280,Brand New,rocstartrading,159,100%
Elite Fly SRL 550ml BPA-free Bio Water Bottle Black White Clear Assorted Colors,890992,Not available,Not available,from United States,Not available,5296,Brand New,the_bikesmiths,254837,99.8%
"Porsche Motorsport Water Bottle, 735ml Clip Top and Carry Hook, FREE SHIPPING",1673,Not available,Not available,from United Kingdom,20% off,1703,Brand New,vantage97rsr,13584,99.9%
Camp Crystal Lake  Sign Vinyl Sticker Laptop Water bottle,349,Not available,Not available,from United States,Not available,200,Brand New,neverstopmakingart,938,99.5%
2x HJC Elite Fly 500ml Bike Cycling Water Bottles White,1048,Not available,21 watchers,from United Kingdom,Not available,5476,Brand New,items123,4256,99.9%
2.2L Gym Water Bottle BPA Free Large Sport Training Camping Drink Kettle Black,917,Not available,Not available,from United Kingdom,Not available,5281,Brand New,burakh,4912,98.9%
"Ion8 Unisex Leak Proof BPA Free Cycling Water Bottle, Lockable Lid, 750ml",1703,Not available,Not available,from United Kingdom,Not available,7728,Brand New,aydyaltd,13149,99.5%
Glass Water Bottles 16 Oz / 470ml Glass Drinking Bottle 12 Pack Juice Bottle,1311,Not available,Not available,from United Kingdom,Not available,5294,Brand New,mhptrading,3816,99.7%
Stainless Steel Water Bottle Vacuum Insulated 500ml Drink Sports Gym Metal Flask,898,Not available,21 watchers,from United Kingdom,Not available,5281,Brand New,ebuyergoods,9576,99.4%
NEW Contigo Drink Water Bottle 709mL / 24oz Grey BPA-Free Leakproof Carry Handle,2243,Not available,Not available,from Australia,Not available,5369,Brand New,sparklingaccessories25,17602,99.9%
YETI 36 oz Rambler Bottle With Chug Cap - Black  **NEW**,4369,Not available,Not available,from United States,5% off,5101,New (Other),treasure_isle,1894,99.5%
TAL RANGER PRO STAINLESS STEEL 64OZ 1.9L WATER BOTTLE W/CARRY LOOP GREEN  ~NEW,1680,Not available,11 watchers,from United States,20% off,8197,Brand New,browndogretail,8421,99%
Cadex Water Bottle [Colour: Grey] [Size: 600ml (21oz)],1359,Not available,Not available,from Australia,20% off,1323,Brand New,tosdural,3094,99.4%
Klean Kanteen Classic Water Bottle Replacement Leak Free Carrying Loop Cap,1703,Not available,6+ watchers,from United Kingdom,Not available,1179,Brand New,subzerogb,21269,99%
Sports Water Bottle with Straw Flip Top Leak Proof Drink BPA Free Gym Travel 1L,1048,Not available,Not available,from United Kingdom,Not available,5286,Brand New,mrgadgets01,3617,98.9%
Personalised Kids Mini Water Bottle Love Clear Reusable Clear Straw Bottle,785,Not available,Not available,from United Kingdom,Not available,5736,Brand New,bebe-makes,897,99.2%
Takeya 24oz Insulated Stainless Steel Water Bottle with Spout Lid Midnight Blue,3688,1 product rating,Not available,from United States,Not available,5820,Brand New,soulcase,8751,99.2%
Funko Disney Mickey Mouse Red Water Bottle Metal Stainless Steel Hot Cold Mickey,1835,Not available,Not available,from United Kingdom,Not available,4848,Brand New,maqiotoys,61420,99.5%
NALGENE SUSTAIN NARROW MOUTH WATER BOTTLE BPA FREE BPS FREE 1L/32oz MADE IN USA,2649,Not available,Not available,from Australia,Not available,881,Brand New,sfor8673,19337,100%
"Water Bottle Holder for Walking, Water Bottle Sleeve with Pocket and with Strap",699,Not available,Not available,from United States,Not available,1852,Brand New,homeessentialscentral,12,100%
Nalgene Sustain Narrow Mouth Water Bottle 1000ml,2228,Not available,Not available,from United Kingdom,Not available,5791,Brand New,tamarackoutdoors1,28207,99.9%
Kids Water Bottle with Straw Flask Insulated Leak Proof BPA Free,2621441,Not available,Not available,from United Kingdom,Not available,5188,Brand New,abc_kids_uk,550,100%
Sports Water Bottle with Filter Leak Proof Drink Bottle BPA Free  Gym Travel 1L,9821048,Not available,Not available,from United Kingdom,Not available,4822,Brand New,mrgadgets01,3617,98.9%
2.2L Gym Water Bottle BPA Free Large Sport Training Camping Drink Kettle Clear,917,Not available,Not available,from United Kingdom,Not available,5281,Brand New,burakh,4912,98.9%
MANGO Water Bottle 2.2 Litre BPA Free Sports Gym Workout Drinking with Straw,1153,Not available,Not available,from United Kingdom,Not available,7054,Brand New,wellmadegifts,27966,99.8%
"Glass Water Bottle with Silicone Cover with Bamboo Lid, BPA Free 500ML",1048,Not available,Not available,from United Kingdom,Not available,5286,Brand New,bargains4world,145964,99.1%
Nalgene Neoprene Sleeve for 32 oz. Wide Mouth Water Bottle,1499,Not available,Not available,from United States,Not available,553,Brand New,forzasports,610647,99.3%
650Ml Air Water Bottle with Fruit Pods Included. Flavoured Water Bottle Up,1966,Not available,Not available,from United Kingdom,Not available,7083,Brand New,spiderhulk_2,3410,99%
New ListingBottle With Straw Sports Fitness Cup Sports Water Bottle Gradual Water  Bottle,12641338,Not available,Not available,from China,Not available,54,Brand New,yirany65,304,95.8%
REPLACEMENT LID/CAP FOR HYDRO FLASK WIDE MOUTH  WATER BOTTLE 14/18/32/40/64 OZ,495,Not available,Not available,from United States,Not available,3128,Brand New,alphacollectibles-com,55709,99.8%
New Camelbak Chute Mag Vacuum Insulated Stainless Steel Water Bottle 12 oz,1899,Not available,Not available,from United States,Not available,3354,Brand New,jazzyevrything,1425,100%
Wednesday Drinks Bottle -  Official Reusable Plastic Water Bottle,1179,Not available,Not available,from United Kingdom,Not available,4826,Brand New,pyramidinternational,2681,99.9%
Elite Fly Pro Team 550ml BPA-free Bio Water Bottle Assorted Teams Colors,12921498,Not available,Not available,from United States,Not available,2652,Brand New,the_bikesmiths,254837,99.8%
Single-wall Stainless Steel Sport Bottle 1000ml Water Bottles  Camping,1419,Not available,1 watchers,from China,Not available,54,Brand New,racecambell,313,95.2%
Nalgene Wide Mouth Water Cantene - 32 oz.,2099,Not available,Not available,from United States,Not available,611,Brand New,forzasports,610647,99.3%
420 ML Fabric Water Bottle Carrier Strap Water Bottle Holder Bag Insulated,393721,Not available,Not available,from United Kingdom,Not available,4798,Brand New,handsnuk-1,6457,99.4%
1pc Outdoor Sports Reusable Water Bottles Collapsible Flexible Foldable Ice Bag,338,Not available,Not available,from China,Not available,0,Brand New,iridescent-show,101945,98%
NORDROK CAMPING Trekker Water Bottle 1000ml Aluminium lightweight Water Bottle,1113,Not available,Not available,from United Kingdom,Not available,4823,Brand New,sachshal,41312,99.6%
Reusable 1 Liter Sports Water Bottle Large Capacity Sports Drinkware  Gym,704,Not available,Not available,from China,5% off,90,Brand New,rangejuce,2137,97.7%
YETI Yonder Tether 1L Water Bottle Seafoam,3230,Not available,2 watchers,from United Kingdom,Not available,1049,Brand New,premiumdiscountbrands,242,99.4%
Nalgene Narrow Mouth Water Bottle Replacement Cap,825,Not available,Not available,from United States,Not available,494,Brand New,forzasports,610647,99.3%
16 Oz Outdoor Sports Water Bottles Stainless Steel with Straw Vacuum Insulated,1295,Not available,Not available,from United States,Not available,2652,Brand New,butrad-0,10393,98.9%
NALGENE EASY SIPPER SUIT WIDE MOUTH NALGENE WATER BOTTLES NO SPILL INSERT 63mm,541,Not available,Not available,from Australia,Not available,883,Brand New,hydrationworks,728,100%
"Ion8 Leak Proof 1 litre Sports Water Bottle, Stainless Steel, Lockable, 1200ml",23592490,Not available,Not available,from United Kingdom,Not available,6449,Brand New,aydyaltd,13149,99.5%
New ListingGradual Water  Bottle Sports Water Bottle Sports Fitness Cup Bottle With Straw,12861361,Not available,Not available,from China,Not available,54,Brand New,wuxiao2,250,97.1%
Nalgene Small Wide Mouth 16 oz. Water Bottle Replacement Cap - Blue,799,Not available,Not available,from United States,Not available,494,Brand New,forzasports,610647,99.3%
Fashion Kettle Bottle Straw Lid Cap Replacement Lid  Wide Mouth Water Bottle,541,Not available,Not available,from China,Not available,54,Brand New,slairewhoo,2049,97.6%
Water Bottle Stainless Steel Double Walled Vacuum Insulated Water Bottle 12H Hot,13101703,Not available,Not available,from United Kingdom,Not available,4830,Brand New,mrgadgets01,3617,98.9%
SiS 600ml Wide Neck Water Bottle Clear Cycling Hydration Drinks,590,6 product ratings,Not available,from United Kingdom,10% off,1966,Brand New,startfitness-outlet,371034,99.5%
Nalgene Sustain 16 oz. Tritan Narrow Mouth Water Bottle - Blue,1525,Not available,11 watchers,from United States,Not available,728,Brand New,forzasports,610647,99.3%
City Water Bottle Haaland 750ml 2-Lid Aluminium Silver,1835,Not available,Not available,from United Kingdom,Not available,1446,Brand New,partisan-sports-merchandise,7925,99.4%
1 Gallon/128 oz Water Bottle w/ Straw Gym Training Fitness Jug Motivational Time,9992598,Not available,Not available,from United States,Not available,6496,Brand New,bcdiscounts,1207,100%
Brand New Nike Hyperfuel Squeeze Grip Leakproof Water Bottle 24oz Black NWT,1895,Not available,Not available,from United States,Not available,2669,Brand New,the_praying_cowboy,18768,100%
Personalised Kids Water Drinks Bottle Flip Top Straw Sports Disney School Name,1174,Not available,Not available,from United Kingdom,Not available,5808,Brand New,name-it-with-love,2172,99.6%
adidas Performance 750ml Water Bottle White Gym Hydration Drinks 3 Stripes,1036,Not available,Not available,from United Kingdom,12% off,1966,Brand New,startfitness-outlet,371034,99.5%
1L Sports Water Bottle Gym Travel Drinking Leakproof Bottle with Straw Bpa Free,1153,Not available,Not available,from United Kingdom,Not available,2623,Brand New,mrsclassyj,253,96.7%
Blank Neoprene Water Bottle Coolie With Clip: Choose Color and Quantity,7862699,Not available,Not available,from United States,Not available,2644,Brand New,coozie_junction,7359,99.7%
Nike Sport Water Bottle Orange Black 600ml New!,1829,Not available,Not available,from United Kingdom,Not available,7077,Brand New,dant2701,4067,99.3%
Stainless Steel Water Bottle Double Wall Vacuum Insulated Sports Gym Metal Flask,1048,Not available,Not available,from United Kingdom,47% off,4822,Brand New,mademccr-21,9820,99.2%
